name,energy,protein,fat_total,satuated_fat,carbonhydrate,sugar,dietary_fiber,sodium,category
"CHEESE,BLUE",353,21.4,28.74,18.669,2.34,0.5,0.0,1146.0,Dairy
"CHEESE,BRICK",371,23.24,29.68,18.764,2.79,0.51,0.0,560.0,Dairy
"CHEESE,BRIE",334,20.75,27.68,17.41,0.45,0.45,0.0,629.0,Dairy
"CHEESE,CAMEMBERT",300,19.8,24.26,15.259,0.46,0.46,0.0,842.0,Dairy
"CHEESE,CARAWAY",376,25.18,29.2,18.584,3.06,,0.0,690.0,Dairy
"CHEESE,CHEDDAR",404,22.87,33.31,18.867,3.09,0.48,0.0,653.0,Dairy
"CHEESE,CHESHIRE",387,23.37,30.6,19.475,4.78,,0.0,700.0,Dairy
"CHEESE,COLBY",394,23.76,32.11,20.218,2.57,0.52,0.0,604.0,Dairy
"CHEESE,COTTAGE,CRMD,LRG OR SML CURD",98,11.12,4.3,1.718,3.38,2.67,0.0,364.0,Dairy
"CHEESE,COTTAGE,NONFAT,UNCRMD,DRY,LRG OR SML CURD",72,10.34,0.29,0.169,6.66,1.85,0.0,372.0,Dairy
"CHEESE,COTTAGE,LOWFAT,2% MILKFAT",81,10.45,2.27,1.235,4.76,4.0,0.0,308.0,Dairy
"CHEESE,COTTAGE,LOWFAT,1% MILKFAT",72,12.39,1.02,0.645,2.72,2.72,0.0,406.0,Dairy
"CHEESE,CREAM",350,6.15,34.44,20.213,5.52,3.76,0.0,314.0,Dairy
"CHEESE,EDAM",357,24.99,27.8,17.572,1.43,1.43,0.0,812.0,Dairy
"CHEESE,FETA",264,14.21,21.28,14.946,4.09,4.09,0.0,917.0,Dairy
"CHEESE,FONTINA",389,25.6,31.14,19.196,1.55,1.55,0.0,800.0,Dairy
"CHEESE,GJETOST",466,9.65,29.51,19.16,42.65,,0.0,600.0,Dairy
"CHEESE,GOUDA",356,24.94,27.44,17.614,2.22,2.22,0.0,819.0,Dairy
"CHEESE,GRUYERE",413,29.81,32.34,18.913,0.36,0.36,0.0,714.0,Dairy
"CHEESE,LIMBURGER",327,20.05,27.25,16.746,0.49,0.49,0.0,800.0,Dairy
"CHEESE,MONTEREY",373,24.48,30.28,19.066,0.68,0.5,0.0,600.0,Dairy
"CHEESE,MOZZARELLA,WHL MILK",300,22.17,22.35,13.152,2.19,1.03,0.0,627.0,Dairy
"CHEESE,MOZZARELLA,WHL MILK,LO MOIST",318,21.6,24.64,15.561,2.47,1.01,0.0,710.0,Dairy
"CHEESE,MOZZARELLA,PART SKIM MILK",254,24.26,15.92,10.114,2.77,1.13,0.0,619.0,Dairy
"CHEESE,MOZZARELLA,LO MOIST,PART-SKIM",295,23.75,19.78,11.295,5.58,1.9,0.0,666.0,Dairy
"CHEESE,MUENSTER",368,23.41,30.04,19.113,1.12,1.12,0.0,628.0,Dairy
"CHEESE,NEUFCHATEL",253,9.15,22.78,12.79,3.59,3.19,0.0,334.0,Dairy
"CHEESE,PARMESAN,GRATED",420,28.42,27.84,15.371,13.91,0.07,0.0,1804.0,Dairy
"CHEESE,PARMESAN,HARD",392,35.75,25.83,16.41,3.22,0.8,0.0,1376.0,Dairy
"CHEESE,PORT DE SALUT",352,23.78,28.2,16.691,0.57,0.57,0.0,534.0,Dairy
"CHEESE,PROVOLONE",351,25.58,26.62,17.078,2.14,0.56,0.0,876.0,Dairy
"CHEESE,RICOTTA,WHOLE MILK",174,11.26,12.98,8.295,3.04,0.27,0.0,84.0,Dairy
"CHEESE,RICOTTA,PART SKIM MILK",138,11.39,7.91,4.927,5.14,0.31,0.0,99.0,Dairy
"CHEESE,ROMANO",387,31.8,26.94,17.115,3.63,0.73,0.0,1433.0,Dairy
"CHEESE,ROQUEFORT",369,21.54,30.64,19.263,2.0,,0.0,1809.0,Dairy
"CHEESE,SWISS",393,26.96,30.99,18.227,1.44,0.0,0.0,187.0,Dairy
"CHEESE,TILSIT",340,24.41,25.98,16.775,1.88,,0.0,753.0,Dairy
"CHEESE,PAST PROCESS,AMERICAN,FORT W/ VITAMIN D",366,18.13,30.71,18.057,4.78,2.26,0.0,1671.0,Dairy
"CHEESE,PAST PROCESS,PIMENTO",375,22.13,31.2,19.663,1.73,0.62,0.1,915.0,Dairy
"CHEESE,PAST PROCESS,SWISS",334,24.73,25.01,16.045,2.1,1.23,0.0,1370.0,Dairy
"CHEESE FD,COLD PK,AMERICAN",331,19.66,24.46,15.355,8.32,,0.0,966.0,Dairy
"CHEESE FD,PAST PROCESS,AMERICAN,VITAMIN D FORT",330,16.86,25.63,15.057,8.56,5.59,0.0,1284.0,Dairy
"CHEESE FD,PAST PROCESS,SWISS",323,21.92,24.14,15.487,4.5,,0.0,1552.0,Dairy
"CHEESE SPRD,PAST PROCESS,AMERICAN",290,16.41,21.23,13.327,8.73,7.32,0.0,1625.0,Dairy
"MILK,FILLED,FLUID,W/BLEND OF HYDR VEG OILS",63,3.33,3.46,0.768,4.74,,0.0,57.0,Dairy
"MILK,FILLED,FLUID,W/LAURIC ACID OIL",63,3.33,3.4,3.101,4.74,4.74,0.0,57.0,Dairy
"CHEESE,AMERICAN,NONFAT OR FAT FREE",126,21.05,0.0,0.0,10.53,5.26,0.0,1316.0,Dairy
"DESSERT TOPPING,PDR,1.5 OZ PREP W/1/2 CUP MILK",194,3.61,12.72,10.684,17.13,17.13,0.0,66.0,Dairy
"MILK SUBSTITUTES,FLUID,W/LAURIC ACID OIL",61,1.75,3.41,3.037,6.16,,0.0,78.0,Dairy
"MILK,WHL,3.25% MILKFAT,W/ ADDED VITAMIN D",61,3.15,3.25,1.865,4.8,5.05,0.0,43.0,Dairy
"MILK,PRODUCER,FLUID,3.7% MILKFAT",64,3.28,3.66,2.278,4.65,,0.0,49.0,Dairy
"MILK,RED FAT,FLUID,2% MILKFAT,W/ ADDED VIT A & VITAMIN D",50,3.3,1.98,1.257,4.8,5.06,0.0,47.0,Dairy
"MILK,RED FAT,FLUID,2% MILKFAT,W/ ADDED NFMS, VIT A & VIT D",51,3.48,1.92,1.195,4.97,,0.0,52.0,Dairy
"MILK,RED FAT,FLUID,2% MILKFAT,PROT FORT,W/ ADDED VIT A & D",56,3.95,1.98,1.232,5.49,5.26,0.0,59.0,Dairy
"MILK,LOWFAT,FLUID,1% MILKFAT,W/ ADDED VIT A & VITAMIN D",42,3.37,0.97,0.633,4.99,5.2,0.0,44.0,Dairy
"MILK,LOWFAT,FLUID,1% MILKFAT,W/ ADD NONFAT MILK SOL,VIT A/ D",43,3.48,0.97,0.604,4.97,,0.0,52.0,Dairy
"MILK,LOWFAT,FLUID,1% MILKFAT,PROT FORT,W/ ADDED VIT A & D",48,3.93,1.17,0.728,5.52,,0.0,58.0,Dairy
"MILK,NONFAT,FLUID,W/ ADDED VIT A & VIT D (FAT FREE OR SKIM)",34,3.37,0.08,0.056,4.96,5.09,0.0,42.0,Dairy
"MILK,NONFAT,FLUID,W/ ADDED NONFAT MILK SOL,VIT A & VIT D",37,3.57,0.25,0.162,5.02,5.02,0.0,53.0,Dairy
"MILK,NONFAT,FLUID,PROT FORT,W/ ADD VIT A & D (FAT FREE/SKIM)",41,3.96,0.25,0.162,5.56,,0.0,59.0,Dairy
"MILK,BTTRMLK,FLUID,CULTURED,LOWFAT",40,3.31,0.88,0.548,4.79,4.79,0.0,190.0,Dairy
"MILK,LO NA,FLUID",61,3.1,3.46,2.154,4.46,4.46,0.0,3.0,Dairy
"MILK,DRY,WHL,W/ ADDED VITAMIN D",496,26.32,26.71,16.742,38.42,38.42,0.0,371.0,Dairy
"MILK,DRY,NONFAT,REG,WO/ ADDED VIT A & VITAMIN D",362,36.16,0.77,0.499,51.98,51.98,0.0,535.0,Dairy
"MILK,DRY,NONFAT,INST,W/ ADDED VIT A & VITAMIN D",358,35.1,0.72,0.467,52.19,52.19,0.0,549.0,Dairy
"MILK,DRY,NONFAT,CA RED",354,35.5,0.2,0.124,51.8,,0.0,2280.0,Dairy
"MILK,BUTTERMILK,DRIED",387,34.3,5.78,3.598,49.0,49.0,0.0,517.0,Dairy
"MILK,CND,COND,SWTND",321,7.91,8.7,5.486,54.4,54.4,0.0,127.0,Dairy
"MILK,CND,EVAP,W/ ADDED VITAMIN D & WO/ ADDED VIT A",134,6.81,7.56,4.591,10.04,10.04,0.0,106.0,Dairy
"MILK,CND,EVAP,NONFAT,W/ ADDED VIT A & VITAMIN D",78,7.55,0.2,0.121,11.35,11.35,0.0,115.0,Dairy
"MILK,CHOC,FLUID,COMM,WHL,W/ ADDED VIT A & VITAMIN D",83,3.17,3.39,2.104,10.34,9.54,0.8,60.0,Dairy
"MILK,CHOC,FLUID,COMM,RED FAT",76,2.99,1.9,1.177,12.13,9.55,0.7,66.0,Dairy
"MILK,CHOC,LOWFAT,W/ ADDED VIT A & VITAMIN D",62,3.46,1.0,0.584,9.86,9.94,0.1,65.0,Dairy
"MILK,CHOC BEV,HOT COCOA,HOMEMADE",77,3.52,2.34,1.431,10.74,9.66,1.0,44.0,Dairy
"MILK,GOAT,FLUID,W/ ADDED VITAMIN D",69,3.56,4.14,2.667,4.45,4.45,0.0,50.0,Dairy
"MILK,HUMAN,MATURE,FLUID",70,1.03,4.38,2.009,6.89,6.89,0.0,17.0,Dairy
"MILK,INDIAN BUFFALO,FLUID",97,3.75,6.89,4.597,5.18,,0.0,52.0,Dairy
"MILK,SHEEP,FLUID",108,5.98,7.0,4.603,5.36,,0.0,44.0,Dairy
"MILK SHAKES,THICK CHOC",119,3.05,2.7,1.681,21.15,20.85,0.3,111.0,Dairy
"MILK SHAKES,THICK VANILLA",112,3.86,3.03,1.886,17.75,17.75,0.0,95.0,Dairy
"YOGURT,PLN,WHL MILK,8 GRAMS PROT PER 8 OZ",61,3.47,3.25,2.096,4.66,4.66,0.0,46.0,Dairy
"YOGURT,PLN,LOFAT,12 GRAMS PROT PER 8 OZ",63,5.25,1.55,1.0,7.04,7.04,0.0,70.0,Dairy
"YOGURT,PLN,SKIM MILK,13 GRAMS PROT PER 8 OZ",56,5.73,0.18,0.116,7.68,7.68,0.0,77.0,Dairy
"YOGURT,VANILLA,LOFAT,11 GRAMS PROT PER 8 OZ",85,4.93,1.25,0.806,13.8,13.8,0.0,66.0,Dairy
"CHEESE,PARMESAN,SHREDDED",415,37.86,27.34,17.37,3.41,0.9,0.0,1696.0,Dairy
"MILK,NONFAT,FLUID,WO/ ADDED VIT A & VIT D (FAT FREE OR SKIM)",34,3.37,0.08,0.051,4.96,5.09,0.0,42.0,Dairy
"MILK,RED FAT,FLUID,2% MILKFAT,W/ NONFAT MILK SOL,WO/ VIT A",56,3.95,1.98,1.232,5.49,,0.0,59.0,Dairy
"MILK,CND,EVAP,W/ VIT A",134,6.81,7.56,4.591,10.04,,0.0,106.0,Dairy
"MILK,DRY,NONFAT,REG,W/ ADDED VIT A & VITAMIN D",362,36.16,0.77,0.499,51.98,51.98,0.0,535.0,Dairy
"MILK,DRY,NONFAT,INST,WO/ ADDED VIT A & VITAMIN D",358,35.1,0.72,0.47,52.19,52.19,0.0,549.0,Dairy
"CHEESE,GOAT,HARD TYPE",452,30.52,35.59,24.609,2.17,2.17,0.0,423.0,Dairy
"CHEESE,GOAT,SEMISOFT TYPE",364,21.58,29.84,20.639,0.12,0.12,0.0,415.0,Dairy
"CHEESE,GOAT,SOFT TYPE",264,18.52,21.08,14.575,0.0,0.0,0.0,459.0,Dairy
"CHEESE SUB,MOZZARELLA",248,11.47,12.22,3.711,23.67,23.67,0.0,685.0,Dairy
"CHEESE SAU,PREP FROM RECIPE",197,10.33,14.92,8.034,5.48,0.19,0.1,493.0,Dairy
"CHEESE,MEXICAN,QUESO ANEJO",373,21.44,29.98,19.033,4.63,4.63,0.0,1131.0,Dairy
"CHEESE,MEXICAN,QUESO ASADERO",356,22.6,28.26,17.939,2.87,2.87,0.0,705.0,Dairy
"CHEESE,MEXICAN,QUESO CHIHUAHUA",374,21.56,29.68,18.843,5.56,5.56,0.0,617.0,Dairy
"CHEESE,LOFAT,CHEDDAR OR COLBY",173,24.35,7.0,4.342,1.91,0.52,0.0,873.0,Dairy
"CHEESE,LOW-SODIUM,CHEDDAR OR COLBY",398,24.35,32.62,20.768,1.91,0.49,0.0,21.0,Dairy
"CHEESE,COTTAGE,CRMD,W/FRUIT",97,10.69,3.85,2.311,4.61,2.38,0.2,344.0,Fruits
"YOGURT,FRUIT,LOFAT,9 GRAMS PROT PER 8 OZ",99,3.98,1.15,0.742,18.64,18.64,0.0,53.0,Fruits
"YOGURT,FRUIT,LOFAT,10 GRAMS PROT PER 8 OZ",102,4.37,1.08,0.697,19.05,19.05,0.0,58.0,Fruits
"YOGURT,FRUIT,LOFAT,11 GRAMS PROT PER 8 OZ",105,4.86,1.41,0.909,18.6,,0.0,65.0,Fruits
"YOGURT,FRUIT,LOFAT,W/LO CAL SWEETENER",105,4.86,1.41,0.909,18.6,2.9,0.0,58.0,Fruits
"YOGURT,FRUIT,LOFAT,9 GRAMS PROT PER 8 OZ,FORT W/ VITAMIN D",99,3.98,1.15,0.742,18.64,18.64,0.0,53.0,Fruits
"YOGURT,FRUIT,LOFAT,10 GRAMS PROT PER 8 OZ,FORT W/ VITAMIN D",102,4.37,1.08,0.697,19.05,19.05,0.0,58.0,Fruits
"YOGURT,FRUIT VAR,NONFAT,FORT W/ VITAMIN D",95,4.4,0.2,0.119,19.0,19.0,0.0,58.0,Fruits
"YOGURT,FRUIT,LOWFAT,W/ LO CAL SWTNR,FORT W/ VITAMIN D",105,4.86,1.41,0.909,18.6,2.9,0.0,58.0,Fruits
"YOGURT,GREEK,STRAWBERRY,DANNON OIKOS",106,8.25,2.92,1.832,11.67,11.0,1.0,34.0,Fruits
"YOGURT,GREEK,NONFAT,STRAWBERRY,DANNON OIKOS",84,8.03,0.22,0.11,12.53,11.63,0.4,33.0,Fruits
"YOGURT,GREEK,NONFAT,STRAWBERRY,CHOBANI",80,8.03,0.12,0.103,11.62,10.86,0.7,33.0,Fruits
"YOGURT,GREEK,STRAWBERRY,LOWFAT",103,8.17,2.57,1.599,11.89,11.23,1.0,33.0,Fruits
"YOGURT,GREEK,STRAWBERRY,NONFAT",82,8.05,0.15,0.105,12.07,11.27,0.6,33.0,Fruits
"KEFIR,LOWFAT,STRAWBERRY,LIFEWAY",62,3.39,0.9,0.533,10.2,9.21,0.0,37.0,Fruits
"YOGURT,GREEK,FRUIT,WHL MILK",106,7.33,3.0,1.599,12.29,12.0,0.0,37.0,Fruits
"BABYFOOD,JUC TREATS,FRUIT MEDLEY,TODD",347,0.0,0.02,0.0,86.68,57.4,0.0,89.0,Fruits
"BABYFOOD,SNACK,GERBER GRADUATE FRUIT STRIPS,REAL FRUIT BARS",330,0.82,2.24,0.364,76.61,68.65,2.0,14.0,Fruits
"BABYFOOD,TROPICAL FRUIT MEDLEY",51,0.31,0.14,0.0,12.22,9.78,1.3,0.0,Fruits
"BABYFOOD,FRUIT,APPLSAUC,STR",41,0.2,0.2,0.032,10.8,9.87,1.7,0.0,Fruits
"BABYFOOD,FRUIT,APPLSAUC,JR",37,0.0,0.0,0.0,10.3,8.48,1.7,1.0,Fruits
"BABYFOOD,FRUIT,APRICOT W/TAPIOCA,STR",60,0.3,0.0,0.0,16.3,1.41,1.5,0.0,Fruits
"BABYFOOD,FRUIT,APRICOT W/TAPIOCA,JR",63,0.3,0.0,0.0,17.3,1.4,1.5,0.0,Fruits
"BABYFOOD,FRUIT,BANANAS W/TAPIOCA,STR",56,0.4,0.1,0.035,15.3,0.38,1.6,0.0,Fruits
"BABYFOOD,FRUIT,PEACHES,STR",65,0.94,0.33,0.02,14.48,11.5,1.3,4.0,Fruits
"BABYFOOD,FRUIT,PEACHES,JR",65,0.94,0.33,0.02,14.48,11.5,1.3,4.0,Fruits
"BABYFOOD,FRUIT,PEARS,STR",42,0.3,0.2,0.012,10.8,6.98,2.8,1.0,Fruits
"BABYFOOD,FRUIT,PEARS,JR",44,0.3,0.1,0.006,11.6,7.34,2.8,1.0,Fruits
"BABYFOOD,FRUIT,PLUMS W/TAPIOCA,WO/VIT C,STR",71,0.1,0.0,0.0,19.7,13.34,1.2,0.0,Fruits
"BABYFOOD,FRUIT,PLUMS W/TAPIOCA,WO/VIT C,JR",74,0.1,0.0,0.0,20.5,13.64,1.2,0.0,Fruits
"BABYFOOD,FRUIT,PRUNES W/TAPIOCA,WO/VIT C,STR",69,0.6,0.1,0.008,18.5,10.97,2.7,5.0,Fruits
"BABYFOOD,FRUIT,PRUNES W/TAPIOCA,WO/VIT C,JR",70,0.6,0.1,0.008,18.7,10.97,2.7,2.0,Fruits
"BABYFOOD,FRUIT DSSRT,MANGO W/ TAPIOCA",70,0.3,0.2,0.039,19.0,13.0,1.1,4.0,Fruits
"BABYFOOD,FRUIT,APPLSAUC&APRICOTS,STR",44,0.2,0.2,0.024,11.64,9.25,1.8,0.0,Fruits
"BABYFOOD,FRUIT,APPLSAUC&APRICOTS,JR",47,0.2,0.2,0.028,12.4,8.72,1.8,0.0,Fruits
"BABYFOOD,FRUIT,APPLSAUC&CHERRIES,STR",51,0.0,0.0,0.0,14.1,10.81,1.1,1.0,Fruits
"BABYFOOD,FRUIT,APPLSAUC & CHERRIES,JR",51,0.0,0.0,0.0,14.1,10.61,1.1,1.0,Fruits
"BABYFOOD,FRUIT,APPLSAUC W/BANANA,JR",66,0.37,0.1,0.04,16.16,4.35,1.6,3.0,Fruits
"BABYFOOD,FRUIT,APPLSAUC&PNAPPL,STR",37,0.1,0.1,0.01,10.1,,1.5,2.0,Fruits
"BABYFOOD,FRUIT,APPLSAUC&PNAPPL,JR",39,0.1,0.1,0.011,10.5,,1.5,2.0,Fruits
"BABYFOOD,FRUIT,APPL & RASPBERRY,STR",58,0.2,0.2,0.033,15.6,12.96,2.1,0.0,Fruits
"BABYFOOD,FRUIT,APPL & RASPBERRY,JR",58,0.2,0.2,0.032,15.4,12.96,2.1,0.0,Fruits
"BABYFOOD,FRUIT & VEG,APPL & SWT POTATO",64,0.3,0.22,0.041,15.3,11.6,1.4,3.0,Fruits
"BABYFOOD,FRUIT,BANANAS&PNAPPL W/TAPIOCA,JR",68,0.2,0.1,0.036,18.4,8.41,1.6,0.0,Fruits
"BABYFOOD,FRUIT,BANANAS&PNAPPL W/TAPIOCA,STR",65,0.2,0.0,0.0,17.8,10.73,1.6,0.0,Fruits
"BABYFOOD,FRUIT,PEARS&PNAPPL,STR",41,0.3,0.1,0.007,10.9,7.79,2.6,0.0,Fruits
"BABYFOOD,FRUIT,PEARS&PNAPPL,JR",44,0.3,0.2,0.013,11.4,7.36,2.6,0.0,Fruits
"BABYFOOD,FRUIT,GUAVA&PAPAYA W/TAPIOCA,STR",63,0.2,0.1,,17.0,,,4.0,Fruits
"BABYFOOD,FRUIT,PAPAYA&APPLSAUC W/TAPIOCA,STR",70,0.2,0.1,,18.9,,1.4,5.0,Fruits
"BABYFOOD,FRUIT,BANANAS W/APPLS&PEARS,STR",83,0.9,0.22,0.106,19.31,12.76,1.4,2.0,Fruits
"BABYFOOD,FRUIT,APPL&BLUEBERRY,STR",61,0.2,0.2,0.024,16.3,13.93,1.8,1.0,Fruits
"BABYFOOD,FRUIT,APPL&BLUEBERRY,JR",62,0.2,0.2,0.024,16.6,8.83,1.8,1.0,Fruits
"BABYFOOD,JUICE,APPLE",47,0.0,0.1,0.018,11.7,10.7,0.1,8.0,Fruits
"BABYFOOD,APPLE-BANANA JUC",51,0.2,0.1,0.018,12.3,11.0,0.2,4.0,Fruits
"BABYFOOD,APPLE-CRANBERRY JUC",46,0.0,0.02,0.007,11.49,6.88,0.0,5.0,Fruits
"BABYFOOD,JUICE,ORANGE",45,0.6,0.3,0.035,10.2,8.26,0.1,0.0,Fruits
"BABYFOOD,JUC,ORANGE&APPL",43,0.4,0.2,,10.1,,,3.0,Fruits
"BABYFOOD,JUC,ORANGE&APPL&BANANA",47,0.4,0.1,0.016,11.5,10.03,0.1,0.0,Fruits
"BABYFOOD,JUC,ORANGE&APRICOT",46,0.8,0.1,0.011,10.9,,0.1,6.0,Fruits
"BABYFOOD,JUC,ORANGE&BANANA",50,0.7,0.1,,11.9,,,3.0,Fruits
"BABYFOOD,JUC,ORANGE&PNAPPL",48,0.5,0.1,0.01,11.7,,0.1,2.0,Fruits
"BABYFOOD,JUC,PRUNE&ORANGE",70,0.6,0.3,,16.8,,,2.0,Fruits
"BABYFOOD,JUC,MXD FRUIT",47,0.1,0.1,0.015,11.7,8.46,0.1,8.0,Fruits
"BABYFOOD,CRL,MXD,W/ BANANAS,DRY",391,10.7,4.6,0.846,77.1,6.68,7.8,0.0,Fruits
"BABYFOOD,CRL,MXD,W/ APPLSAUC & BANANAS,STR",82,0.71,0.51,0.09,18.38,11.1,1.0,5.0,Fruits
"BABYFOOD,CRL,MXD,W/ APPLSAUC & BANANAS,JR,FORT",84,0.71,0.51,0.072,18.79,11.1,1.0,5.0,Fruits
"BABYFOOD,CRL,OATMEAL,W/ BANANAS,DRY",399,6.67,6.67,1.267,78.07,26.66,5.2,33.0,Fruits
"BABYFOOD,CRL,OATMEAL,W/ APPLSAUC & BANANAS,STR",75,0.89,0.89,0.125,15.62,8.85,0.9,4.0,Fruits
"BABYFOOD,CRL,OATMEAL,W/ APPLSAUC & BANANAS,JR,FORT",76,0.89,0.89,0.126,16.03,8.85,0.9,4.0,Fruits
"BABYFOOD,CRL,RICE,W/ APPLSAUC & BANANAS,STR",80,1.2,0.4,0.114,17.1,2.24,1.0,4.0,Fruits
"BABYFOOD,OATMEAL CRL W/ FRUIT,DRY,INST,TODD FORT",402,10.5,7.05,1.572,74.1,11.09,7.8,0.0,Fruits
"BABYFOOD,COOKIE,BABY,FRUIT",435,6.8,12.6,2.7,73.7,24.2,3.4,9.0,Fruits
"BABYFOOD,CRL,HI PROT,W/APPL&ORANGE,DRY",374,25.4,6.5,0.96,57.6,,7.1,104.0,Fruits
"BABYFOOD,CRL,RICE,W/ BANANAS,DRY",404,8.7,4.2,0.978,79.9,16.7,1.0,0.0,Fruits
"BABYFOOD,DSSRT,FRUIT PUDD,ORANGE,STR",80,1.1,0.9,0.545,17.7,,0.6,20.0,Fruits
"BABYFOOD,DSSRT,FRUIT PUDD,PNAPPL,STR",81,1.3,0.3,0.099,20.3,10.28,0.7,0.0,Fruits
"BABYFOOD,DSSRT,FRUIT DSSRT,WO/VIT C,STR",59,0.3,0.0,0.0,16.0,12.6,0.6,0.0,Fruits
"BABYFOOD,DSSRT,FRUIT DSSRT,WO/VIT C,JR",63,0.3,0.0,0.0,17.2,12.0,0.6,0.0,Fruits
"BABYFOOD,DSSRT,TROPICAL FRUIT,JR",60,0.2,0.0,,16.4,,,7.0,Fruits
"BABYFOOD,JUC,FRUIT PUNCH,W/CA",52,0.2,0.1,0.02,12.7,10.6,0.4,4.0,Fruits
"BABYFOOD,FRUIT,BANANAS W/TAPIOCA,JR",67,0.4,0.2,0.076,17.8,7.1,1.6,0.0,Fruits
"BABYFOOD,PLUMS,BANANAS&RICE,STR",57,1.1,0.3,0.06,12.7,9.3,1.3,0.0,Fruits
"Babyfood, beverage, GERBER GRADUATE FRUIT SPLASHERS",31,0.0,0.0,0.0,7.4,6.12,0.0,11.0,Fruits
"BABYFOOD,CRL,MXD,W/BANANAS,PREP W/WHL MILK",86,3.82,3.46,1.808,10.0,5.9,0.4,48.0,Fruits
"BABYFOOD,CRL,OATMEAL,W/BANANAS,PREP W/WHL MILK",86,3.82,3.46,1.82,10.0,5.9,0.4,48.0,Fruits
"BABYFOOD,CRL,HI PROT,W/APPL&ORANGE,PREP W/WHL MILK",112,6.9,3.9,,13.4,,,58.0,Fruits
"BABYFOOD,CRL,RICE,W/BANANAS,PREP W/WHL MILK",86,3.57,3.32,1.798,10.49,6.13,0.1,47.0,Fruits
"BABYFOOD,YOG,WHL MILK,W/ FRUIT,MULTIG CRL & ADD DHA FORT",98,3.4,3.53,1.84,13.22,11.46,0.3,41.0,Fruits
"BABYFOOD,FORT CRL BAR,FRUIT FILLING",344,5.43,5.3,0.453,68.63,42.0,1.7,157.0,Fruits
"SCRAPPLE,PORK",213,8.06,13.87,4.732,14.06,0.2,0.3,482.0,Fruits
"CEREALS RTE,POST,FRUITY PEBBLES",402,4.62,4.02,3.6,86.1,34.28,0.8,531.0,Fruits
"CEREALS RTE,POST SELECTS BLUEBERRY MORNING",395,6.5,5.3,0.6,81.6,29.2,4.7,341.0,Fruits
"CEREALS,QUAKER,INST OATMEAL,FRUIT & CRM VAR,DRY",379,8.3,6.37,1.308,75.42,31.27,6.0,499.0,Fruits
"CEREALS RTE,GENERAL MILLS,BERRY BURST CHEERIOS,TRIPLE BERRY",378,8.8,4.5,1.0,80.5,27.0,7.6,639.0,Fruits
"CEREALS RTE,GENERAL MILLS,FRANKENBERRY",386,5.5,4.3,0.5,85.4,27.29,4.2,458.0,Fruits
"CEREALS RTE,GENERAL MILLS,BOO BERRY",386,5.5,4.3,0.5,85.4,27.29,4.2,458.0,Fruits
"CEREALS RTE,GENERAL MILLS,BERRY BERRY KIX",376,6.19,4.19,0.6,83.9,21.0,5.8,517.0,Fruits
"CEREALS RTE,GENERAL MILLS,NATURE VALLEY LOFAT FRUIT GRANOLA",381,7.9,4.69,0.89,79.4,31.89,5.0,497.0,Fruits
"CEREALS RTE,MALT-O-MEAL,BERRY COLOSSAL CRUNCH",396,4.19,4.17,1.214,86.55,41.66,1.8,633.0,Fruits
"CEREALS RTE,MALT-O-MEAL,TOOTIE FRUITIES",391,4.69,3.2,0.687,85.94,45.31,2.2,453.0,Fruits
"BABYFOOD,DINNER,BF&RICE,TODD",82,5.0,2.9,,8.8,0.0,,32.0,Grains
"BABYFOOD,DINNER,TURKEY&RICE,STR",52,2.27,1.24,0.338,7.94,1.66,0.9,19.0,Grains
"BABYFOOD,DINNER,TURKEY & RICE,JR",56,2.37,0.92,0.239,9.57,1.25,1.0,23.0,Grains
"BABYFOOD,CRL,WHL WHEAT,W/ APPLS,DRY FORT",402,6.6,4.8,0.639,83.2,26.66,6.7,66.0,Grains
"BABYFOOD,CRL,RICE,DRY,FORT",390,6.65,2.19,0.234,83.14,4.85,1.3,32.0,Grains
"BABYFOOD,TURKEY,RICE&VEG,TODD",60,3.8,1.6,0.5,7.5,1.12,0.8,183.0,Grains
"Babyfood, Multigrain whole grain cereal, dry fortified",407,6.67,6.67,1.058,80.06,26.67,6.7,33.0,Grains
"BABYFOOD,BABY MUM MUM RICE BISCUITS",391,12.5,0.87,0.238,83.21,12.5,0.0,313.0,Grains
"OIL,RICE BRAN",884,0.0,100.0,19.7,0.0,0.0,0.0,0.0,Grains
"OIL,WHEAT GERM",884,0.0,100.0,18.8,0.0,0.0,0.0,0.0,Grains
"SHORTENING BREAD,SOYBN (HYDR)&CTTNSD",884,0.0,100.0,22.0,0.0,0.0,0.0,0.0,Grains
"TURKEY STKS,BREADED,BATTERED,FRIED",279,14.2,16.9,4.38,17.0,,,838.0,Grains
"SOUP,CHICK RICE,CND,CHUNKY,RTS",53,5.11,1.33,0.4,5.41,0.6,0.4,370.0,Grains
"SOUP,CHICK W/ RICE,CND,COND",68,1.84,1.56,0.37,11.57,0.23,0.9,645.0,Grains
"CAMPBELL'S,HEALTHY REQUEST,CHICK W/ RICE,COND",46,1.59,1.19,0.397,7.19,0.79,0.8,325.0,Grains
"SOUP,TOMATO RICE,CND,COND",93,1.64,2.12,0.4,17.08,5.9,1.3,635.0,Grains
"CAMPBELL'S,CHICK W/ RICE SOUP,COND",68,1.84,1.64,0.52,11.28,0.23,0.9,645.0,Grains
"SOUP,HEALTHY CHOIC CHICK & RICE SOUP,CND",37,2.53,0.55,0.17,5.71,0.37,0.8,181.0,Grains
"CAMPBELL'S RED & WHITE,OLD FASHIONED TOMATO RICE SOUP,COND",87,0.79,1.59,0.397,18.25,7.94,0.8,611.0,Grains
"CAMPBELL'S CHUNKY SOUPS,BF W/ WHITE & WILD RICE SOUP",57,3.27,0.61,0.204,9.8,2.04,0.8,363.0,Grains
"CAMPBELL'S CHUNKY SOUPS,FAJITA CHICK W/ RICE & BNS SOUP",53,2.86,0.61,0.204,9.39,2.86,0.8,347.0,Grains
"SOUP,CHICK W/ RICE,CND,PREP W/ EQ VOLUME H2O",24,1.45,0.78,0.185,2.92,0.08,0.3,238.0,Grains
"CAMPBELL'S CHUNKY SOUPS,SAVORY CHICK WHITE WILD RICE SOUP",45,2.86,0.82,0.204,7.35,0.41,0.8,331.0,Grains
"SOUP,TOMATO RICE,CND,PREP W/ EQ VOLUME H2O",47,0.82,1.06,0.2,8.54,2.95,0.7,319.0,Grains
"CAMPBELL'S RED & WHITE - MICROWAVEABLE BOWLS,CHICK RICE SOUP",30,0.82,0.41,0.204,5.71,0.41,0.4,327.0,Grains
CAMPBELL'S HOMESTYLE CHICK W/ WHITE & WILD RICE SOUP,41,2.45,0.41,0.0,6.94,1.22,0.4,322.0,Grains
"CEREALS RTE,RALSTON CRISP RICE",394,6.69,1.26,0.36,86.22,12.12,0.7,545.0,Grains
"CEREALS RTE,KELLOGG,KELLOGG'S ALL-BRAN COMPLETE WHEAT FLAKES",327,10.2,2.5,0.4,81.6,18.8,17.3,718.0,Grains
"CEREALS RTE,KELLOGG'S FRSTD MINI-WHEATS,BIG BITE",350,9.2,1.6,0.4,83.4,20.3,10.8,2.0,Grains
"CEREALS RTE,KELLOGG,KELLOGG'S FRSTD RICE KRISPIES",384,4.3,0.4,0.1,91.3,40.2,0.5,371.0,Grains
"CEREALS RTE,QUAKER,100% NAT GRANOLA,OATS,WHEAT & HONEY",421,10.55,11.62,1.24,73.65,20.34,10.2,50.0,Grains
"CEREALS RTE,GENERAL MILLS,RICE CHEX",375,6.4,1.89,0.5,85.09,8.0,2.0,809.0,Grains
"CEREALS RTE,KELLOGG,KELLOGG'S RICE KRISPIES",381,6.75,2.05,0.458,85.05,9.87,0.4,527.0,Grains
"CEREALS RTE,QUAKER,QUAKER PUFFED RICE",383,7.01,0.9,0.325,87.78,0.0,1.4,5.0,Grains
"CEREALS RTE,GENERAL MILLS,WHL GRAIN TOTAL",320,8.4,2.1,0.6,74.7,16.4,9.1,470.0,Grains
"CEREALS RTE,POST,HONEY NUT SHREDDED WHEAT",373,8.5,2.9,0.4,83.6,20.7,10.7,102.0,Grains
"CEREALS RTE,GENERAL MILLS,WHEAT CHEX",345,9.8,1.8,0.4,82.2,10.3,12.2,570.0,Grains
"CEREALS RTE,WHEAT GERM,TSTD,PLN",382,29.1,10.7,1.83,49.6,7.8,15.1,4.0,Grains
"CEREALS RTE,SUN COUNTRY,KRETSCHMER HONEY CRUNCH WHEAT GERM",372,26.55,7.78,1.36,58.11,21.43,10.2,11.0,Grains
"CEREALS RTE,GENERAL MILLS,MULTI-GRAIN CHEERIOS",370,8.3,4.09,0.89,81.4,21.2,8.7,401.0,Grains
"CEREALS RTE,GENERAL MILLS,WHEATIES",353,8.3,2.3,0.5,83.3,15.2,10.1,732.0,Grains
"CEREALS,CRM OF RICE,DRY",370,6.3,0.5,0.136,82.4,0.3,0.7,6.0,Grains
"CEREALS,CRM OF RICE,CKD W/H2O,WO/SALT",52,0.9,0.1,0.027,11.4,0.04,0.1,1.0,Grains
"CEREALS,CRM OF WHEAT,REG,10 MINUTE COOKING,DRY",370,10.5,1.5,0.238,76.5,0.2,3.8,7.0,Grains
"CEREALS,CRM OF WHEAT,REG (10 MINUTE),CKD W/ H2O,WO/ SALT",50,1.44,0.21,0.033,10.52,0.03,0.5,6.0,Grains
"CEREALS,CREAM OF WHEAT,INST,DRY",366,10.6,1.4,0.222,75.5,0.4,3.3,571.0,Grains
"CEREALS,CREAM OF WHEAT,INST,PREP W/ H2O,WO/ SALT",62,1.84,0.24,0.038,13.08,0.07,0.6,102.0,Grains
"CEREALS,OATS,REG & QUICK,NOT FORT,DRY",379,13.15,6.52,1.11,67.7,0.99,10.1,6.0,Grains
"CEREALS,OATS,REG & QUICK,UNENR,CKD W/ H2O,WO/ SALT",71,2.54,1.52,0.31,12.0,0.27,1.7,4.0,Grains
"CEREALS,OATS,INST,FORT,PLN,DRY",362,11.92,6.9,1.346,69.52,1.5,10.0,220.0,Grains
"CEREALS,OATS,INST,FORT,PLN,PREP W/ H2O",68,2.37,1.36,0.226,11.67,0.46,1.7,49.0,Grains
"CEREALS,OATS,INST,FORT,W/ CINN & SPICE,DRY",369,9.53,4.84,0.768,76.08,25.33,8.0,434.0,Grains
"CEREALS,OATS,INST,FORT,W/ CINN & SPICE,PREP W/ H2O",96,2.37,1.21,0.191,18.95,6.31,2.0,111.0,Grains
"CEREALS,OATS,INST,FORT,W/ RAISINS & SPICE,DRY",360,8.45,4.03,0.639,76.33,37.14,5.7,462.0,Grains
"CEREALS,OATS,INST,FORT,W/ RAISINS & SPICE,PREP W/ H2O",88,1.98,0.95,0.15,17.91,8.71,1.3,111.0,Grains
"CEREALS,WHEATENA,DRY",357,13.1,2.9,0.43,75.6,1.6,12.8,13.0,Grains
"CEREALS,WHEATENA,CKD W/ H2O",56,2.0,0.5,0.075,11.8,,2.7,2.0,Grains
"CEREALS,WHL WHEAT HOT NAT CRL,DRY",342,11.2,2.0,0.3,75.2,0.42,9.5,2.0,Grains
"CEREALS,WHL WHEAT HOT NAT CRL,CKD W/ H2O,WO/ SALT",62,2.0,0.4,0.06,13.7,0.08,1.6,0.0,Grains
"CEREALS RTE,QUAKER,QUAKER PUFFED WHEAT",366,16.26,2.15,0.413,76.39,1.37,9.4,5.0,Grains
"CEREALS RTE,POST,SHREDDED WHEAT,ORIGINAL BIG BISCUIT",337,11.37,2.01,0.41,78.96,0.94,12.4,2.0,Grains
"CEREALS RTE,POST,SHREDDED WHEAT,ORIGINAL SPOON-SIZE",351,11.8,2.1,0.4,81.4,0.9,12.4,2.0,Grains
"CEREALS RTE,RICE,PUFFED,FORT",402,6.3,0.5,0.13,89.8,,1.7,3.0,Grains
"CEREALS RTE,WHEAT,PUFFED,FORT",364,14.7,1.2,0.2,79.6,,4.4,4.0,Grains
"CEREALS,CREAM OF RICE,CKD W/ H2O,W/ SALT",52,0.9,0.1,0.02,11.5,0.04,0.1,173.0,Grains
"CEREALS,CRM OF WHEAT,REG (10 MINUTE),CKD W/ H2O,W/ SALT",50,1.46,0.21,0.033,10.66,0.03,0.5,129.0,Grains
"CEREALS,OATS,REG & QUICK & INST,UNENR,CKD W/ H2O,W/ SALT",71,2.54,1.52,0.31,12.0,0.27,1.7,71.0,Grains
"CEREALS,WHEATENA,CKD W/ H2O,W/ SALT",59,2.03,0.45,0.091,11.74,0.25,2.0,238.0,Grains
"CEREALS,WHL WHEAT HOT NAT CRL,CKD W/ H2O,W/ SALT",62,2.0,0.4,0.06,13.7,0.08,1.6,233.0,Grains
"CEREALS RTE,POST,SHREDDED WHEAT,LIGHTLY FRSTD,SPOON-SIZE",352,7.8,1.9,0.3,83.8,22.3,9.6,19.0,Grains
"CEREALS,QUAKER,QUAKER MULTIGRAIN OATMEAL,DRY",334,12.64,2.73,0.45,72.62,2.46,11.9,7.0,Grains
"CEREALS RTE,QUAKER,TSTD MULTIGRAIN CRISPS",372,12.38,5.11,0.91,74.9,16.34,10.2,365.0,Grains
"CEREALS RTE,QUAKER,QUAKER GRANOLA W/ OATS,WHEAT& RAISINS",412,9.66,10.38,1.12,74.67,24.63,9.4,54.0,Grains
"CEREALS,QUAKER,QUAKER MULTIGRAIN OATMEAL,PREP W/H2O,NO SALT",61,2.08,0.47,0.096,13.49,,2.2,3.0,Grains
"CEREALS,QUAKER,QUAKER MULTIGRAIN OATMEAL,PREP W/H2O,SALT",61,2.07,0.47,0.095,13.47,,2.2,70.0,Grains
"CEREALS RTE,KELLOGG,KELLOGG'S RICE KRISPIES TREATS CRL",395,4.3,4.19,0.89,85.59,29.6,0.4,567.0,Grains
"CEREALS RTE,KELLOGG,KELLOGG'S FRSTD MINI-WHEATS,BITE SIZE",350,9.19,1.6,0.4,83.4,20.29,10.8,2.0,Grains
"CEREALS RTE,MALT-O-MEAL,CRISPY RICE",346,6.07,1.12,0.0,86.4,7.82,0.4,924.0,Grains
"CEREALS RTE,SUN COUNTRY,KRETSCHMER TSTD WHEAT BRAN",200,17.56,5.16,0.77,59.51,,41.3,6.0,Grains
"CEREALS RTE,QUAKER,SHREDDED WHEAT,BAGGED CRL",348,11.24,2.01,0.405,81.01,0.81,11.8,4.0,Grains
"CEREALS RTE,SUN COUNTRY,KRETSCHMER WHEAT GERM,REG",366,31.43,9.56,1.66,49.38,7.14,11.9,6.0,Grains
"CEREALS RTE,GENERAL MILLS,RICE CRUNCHINS",381,4.76,2.38,0.0,80.95,9.52,4.8,238.0,Grains
"CEREALS RTE,KELLOGG,KELLOGG'S MINI-WHEATS,UNFROSTED BITE SZE",342,11.6,2.0,0.5,81.0,0.4,13.8,2.0,Grains
"CEREALS RTE,KASHI 7 WHL GRAIN PUFFS",336,13.0,2.3,0.463,78.6,0.93,8.0,9.0,Grains
"CEREALS RTE,KASHI 7 WHL GRAIN HONEY PUFFS",349,10.0,1.8,0.359,79.0,21.8,6.0,8.0,Grains
"CEREALS,QUAKER,QUICK OATS,DRY",371,13.7,6.87,1.11,68.18,1.42,9.4,3.0,Grains
"CEREALS,QUAKER,QUICK OATS W/ IRON,DRY",371,13.7,6.87,0.96,68.18,1.42,9.4,3.0,Grains
"CEREALS,QUAKER,WHL WHEAT NAT CRL,DRY",333,11.8,2.0,0.419,74.8,2.0,9.9,8.0,Grains
"CEREALS RTE,KASHI,ORGANIC PROMISE AUTUMN WHEAT",338,12.0,1.4,0.3,79.0,12.4,11.2,4.0,Grains
"CEREALS,MALT-O-MEAL,FARINA HOT WHEAT CRL,DRY",365,10.48,0.49,0.07,77.2,0.7,2.9,3.0,Grains
"CEREALS,MALT-O-MEAL,MAPLE & BROWN SUGAR HOT WHEAT CRL,DRY",368,8.82,0.47,0.09,80.52,28.0,1.8,5.0,Grains
"CEREALS RTE,RALSTON ENR WHEAT BRAN FLAKES",310,10.21,3.36,0.433,79.77,17.17,16.9,586.0,Grains
"CEREALS RTE,USDA CMDTY CORN & RICE (INCLUDES ALL  BRANDS)",378,6.06,1.08,0.26,86.85,10.35,1.4,795.0,Grains
"CEREALS RTE,USDA CMDTY RICE CRISPS (INCLUDES ALL  BRANDS)",381,6.45,1.27,0.355,86.04,8.35,0.7,850.0,Grains
"CEREALS RTE,KASHI 7 WHL GRAIN FLAKES",337,11.0,1.5,0.3,81.4,11.3,11.8,291.0,Grains
"CEREALS RTE,KELLOGG'S,FRSTD MINI-WHEATS BITE SIZE STRAWB DEL",352,8.7,1.6,0.4,84.6,22.7,10.2,3.0,Grains
RICE & WHEAT CRL BAR,409,9.09,9.09,0.0,72.73,31.8,1.8,500.0,Grains
"CEREALS RTE,KASHI 7 WHL GRAIN NUGGETS",356,11.8,2.8,0.6,81.0,5.0,11.7,448.0,Grains
"CEREALS,CRM OF WHEAT,2 1/2 MINUTE COOK TIME,DRY",355,11.61,1.41,0.253,71.79,0.47,4.4,328.0,Grains
"CEREALS,CRM OF WHEAT,1 MINUTE COOK TIME,DRY",359,11.77,1.47,0.295,72.63,0.51,4.4,7.0,Grains
"BABYFOOD,MEAT,BF,STR",81,12.03,2.52,1.18,2.43,0.0,0.0,41.0,Meats
"BABYFOOD,MEAT,BF,JR",81,12.03,2.52,1.18,2.43,0.0,0.0,41.0,Meats
"BABYFOOD,MEAT,VEAL,STR",81,13.12,2.45,1.063,1.51,0.0,0.0,39.0,Meats
"BABYFOOD,MEAT,PORK,STR",124,14.0,7.1,2.4,0.0,0.0,0.0,42.0,Meats
"BABYFOOD,MEAT,HAM,STR",97,11.3,3.8,1.267,3.7,0.0,0.0,44.0,Meats
"BABYFOOD,MEAT,HAM,JUNIOR",97,11.3,3.8,1.271,3.7,0.0,0.0,44.0,Meats
"BABYFOOD,MEAT,LAMB,STR",87,14.07,3.41,1.65,0.85,0.0,0.0,43.0,Meats
"BABYFOOD,MEAT,LAMB,JUNIOR",112,15.2,5.2,2.56,0.0,0.0,0.0,42.0,Meats
"BABYFOOD,MEAT,CHICK,STR",130,13.7,7.9,2.03,0.1,0.0,0.0,49.0,Meats
"BABYFOOD,MEAT,CHICK,JR",146,14.0,9.6,2.47,0.0,0.0,0.0,49.0,Meats
"BABYFOOD,MEAT,CHICK STKS,JR",188,14.6,14.4,4.094,1.5,1.4,0.2,267.0,Meats
"BABYFOOD,MEAT,TURKEY,STR",111,11.5,6.2,1.641,1.4,0.0,0.0,49.0,Meats
"BABYFOOD,MEAT,TURKEY,JR",111,11.5,6.2,1.641,1.4,0.0,0.0,49.0,Meats
"Babyfood, meat, turkey sticks, junior",188,13.7,14.2,4.143,1.4,1.4,0.2,295.0,Meats
"BABYFOOD,MEAT,MEAT STKS,JR",184,13.4,14.6,5.82,1.1,0.8,0.2,267.0,Meats
"BABYFOOD,DINNER,SPAGHETTI&TOMATO&MEAT,JR",68,2.57,1.37,0.543,11.42,2.72,1.1,30.0,Meats
"BABYFOOD,DINNER,SPAGHETTI&TOMATO&MEAT,TODD",75,5.3,1.0,,10.8,,,239.0,Meats
"BABYFOOD,DINNER,VEG&LAMB,STR",52,2.0,2.0,0.828,6.9,0.94,1.1,20.0,Meats
"BABYFOOD,DINNER,VEG&LAMB,JR",51,2.1,1.7,0.696,7.1,0.94,1.1,13.0,Meats
"FAT,BEEF TALLOW",902,0.0,100.0,49.8,0.0,0.0,0.0,0.0,Meats
"FAT,CHICKEN",900,0.0,99.8,29.8,0.0,0.0,0.0,0.0,Meats
"MEAT DRIPPINGS (LARD,BF TALLOW,MUTTON TALLOW)",889,0.0,98.59,44.79,0.0,0.0,0.0,545.0,Meats
"CHICKEN,BROILER,ROTISSERIE,BBQ,BREAST MEAT ONLY",144,28.04,3.57,0.863,0.0,0.0,0.0,328.0,Meats
"CHICKEN,BROILERS OR FRYERS,MEAT&SKN&GIBLETS&NECK,RAW",213,18.33,14.83,4.24,0.13,,0.0,70.0,Meats
"CHICKEN,BROILER OR FRYER,MEAT&SKN&GIBLETS&NECK,FRIED,BATTER",291,22.84,17.53,4.67,9.03,,,284.0,Meats
"CHICKEN,BROILERS OR FRYERS,MEAT&SKN&GIBLETS&NECK,FRIED,FLR",272,28.57,15.27,4.16,3.27,,,86.0,Meats
"CHICKEN,BROILERS OR FRYERS,MEAT&SKN&GIBLETS&NECK,RSTD",234,26.78,13.27,3.7,0.06,0.0,0.0,79.0,Meats
"CHICKEN,BROILERS OR FRYERS,MEAT&SKN&GIBLETS&NECK,STWD",216,24.49,12.37,3.45,0.06,,0.0,66.0,Meats
"CHICKEN,BROILERS OR FRYERS,MEAT & SKN,RAW",215,18.6,15.06,4.31,0.0,0.0,0.0,70.0,Meats
"CHICKEN,BROILERS OR FRYERS,MEAT&SKN,CKD,FRIED,BATTER",289,22.54,17.35,4.61,9.42,0.0,0.3,292.0,Meats
"CHICKEN,BROILERS OR FRYERS,MEAT&SKN,CKD,FRIED,FLR",269,28.56,14.92,4.06,3.15,0.0,0.1,84.0,Meats
"CHICKEN,BROILERS OR FRYERS,MEAT&SKN,CKD,RSTD",239,27.3,13.6,3.79,0.0,0.0,0.0,82.0,Meats
"CHICKEN,BROILERS OR FRYERS,MEAT&SKN,CKD,STWD",219,24.68,12.56,3.5,0.0,0.0,0.0,67.0,Meats
"CHICKEN,BROILERS OR FRYERS,MEAT ONLY,RAW",119,21.39,3.08,0.79,0.0,0.0,0.0,77.0,Meats
"CHICKEN,BROILERS OR FRYERS,MEAT ONLY,CKD,FRIED",219,30.57,9.12,2.46,1.69,0.0,0.1,91.0,Meats
"CHICKEN,BROILERS OR FRYERS,MEAT ONLY,RSTD",190,28.93,7.41,2.04,0.0,0.0,0.0,86.0,Meats
"CHICKEN,BROILERS OR FRYERS,MEAT ONLY,STWD",177,27.29,6.71,1.84,0.0,0.0,0.0,70.0,Meats
"CHICKEN,BROILERS OR FRYERS,SKN ONLY,RAW",349,13.33,32.35,9.08,0.0,0.0,0.0,63.0,Meats
"CHICKEN,BROILERS OR FRYERS,SKN ONLY,CKD,FRIED,BATTER",394,10.32,28.83,7.61,23.15,,,581.0,Meats
"CHICKEN,BROILERS OR FRYERS,SKN ONLY,CKD,FRIED,FLR",502,19.09,42.58,11.67,9.34,,,53.0,Meats
"CHICKEN,BROILERS OR FRYERS,SKN ONLY,CKD,RSTD",454,20.36,40.68,11.42,0.0,0.0,0.0,65.0,Meats
"CHICKEN,BROILERS OR FRYERS,SKN ONLY,CKD,STWD",363,15.22,33.04,9.28,0.0,,0.0,56.0,Meats
"CHICKEN,BROILERS OR FRYERS,GIBLETS,RAW",124,17.88,4.47,1.36,1.8,,0.0,77.0,Meats
"CHICKEN,BROILERS OR FRYERS,GIBLETS,CKD,FRIED",277,32.54,13.46,3.8,4.35,,0.0,113.0,Meats
"CHICKEN,BROILERS OR FRYERS,GIBLETS,CKD,SIMMRD",157,27.15,4.5,1.322,0.0,0.0,0.0,67.0,Meats
"CHICKEN,GIZZARD,ALL CLASSES,RAW",94,17.66,2.06,0.529,0.0,0.0,0.0,69.0,Meats
"CHICKEN,GIZZARD,ALL CLASSES,CKD,SIMMRD",154,30.39,2.68,0.67,0.0,0.0,0.0,56.0,Meats
"CHICKEN,HEART,ALL CLASSES,RAW",153,15.55,9.33,2.66,0.71,,0.0,74.0,Meats
"CHICKEN,HEART,ALL CLASSES,CKD,SIMMRD",185,26.41,7.92,2.26,0.1,,0.0,48.0,Meats
"CHICKEN,LIVER,ALL CLASSES,RAW",119,16.92,4.83,1.563,0.73,0.0,0.0,71.0,Meats
"CHICKEN,LIVER,ALL CLASSES,CKD,SIMMRD",167,24.46,6.51,2.06,0.87,0.0,0.0,76.0,Meats
"CHICKEN,BROILERS OR FRYERS,LT MEAT,MEAT & SKN,RAW",186,20.27,11.07,3.16,0.0,0.0,0.0,65.0,Meats
"CHICKEN,BROILERS OR FRYERS,LT MEAT,MEAT&SKN,CKD,FRIED,BATTER",277,23.55,15.44,4.12,9.5,,,287.0,Meats
"CHICKEN,BROILERS OR FRYERS,LT MEAT,MEAT&SKN,CKD,FRIED,FLR",246,30.45,12.09,3.32,1.82,0.0,0.1,77.0,Meats
"CHICKEN,BROILERS OR FRYERS,LT MEAT,MEAT&SKN,CKD,RSTD",222,29.02,10.85,3.05,0.0,,0.0,75.0,Meats
"CHICKEN,BROILERS OR FRYERS,LT MEAT,MEAT&SKN,CKD,STWD",201,26.14,9.97,2.8,0.0,,0.0,63.0,Meats
"CHICKEN,BROILERS OR FRYERS,DK MEAT,MEAT & SKN,RAW",237,16.69,18.34,5.26,0.0,0.0,0.0,73.0,Meats
"CHICKEN,BROILERS OR FRYERS,DK MEAT,MEAT&SKN,CKD,FRIED,BATTER",298,21.85,18.64,4.95,9.38,,,295.0,Meats
"CHICKEN,BROILERS OR FRYERS,DK MEAT,MEAT&SKN,CKD,FRIED,FLR",285,27.22,16.91,4.58,4.08,0.0,0.0,89.0,Meats
"CHICKEN,BROILERS OR FRYERS,DK MEAT,MEAT&SKN,CKD,RSTD",253,25.97,15.78,4.37,0.0,,0.0,87.0,Meats
"CHICKEN,BROILERS OR FRYERS,DK MEAT,MEAT&SKN,CKD,STWD",233,23.5,14.66,4.06,0.0,,0.0,70.0,Meats
"CHICKEN,BROILERS OR FRYERS,LT MEAT,MEAT ONLY,RAW",114,23.2,1.65,0.44,0.0,0.0,0.0,68.0,Meats
"CHICKEN,BROILERS OR FRYERS,LT MEAT,MEAT ONLY,CKD,FRIED",192,32.82,5.54,1.52,0.42,,0.0,81.0,Meats
"CHICKEN,BROILERS OR FRYERS,LT MEAT,MEAT ONLY,CKD,RSTD",173,30.91,4.51,1.27,0.0,0.0,0.0,77.0,Meats
"CHICKEN,BROILERS OR FRYERS,LT MEAT,MEAT ONLY,CKD,STWD",159,28.88,3.99,1.12,0.0,0.0,0.0,65.0,Meats
"CHICKEN,BROILERS OR FRYERS,DK MEAT,MEAT ONLY,RAW",125,20.08,4.31,1.1,0.0,0.0,0.0,85.0,Meats
"CHICKEN,BROILERS OR FRYERS,DK MEAT,MEAT ONLY,CKD,FRIED",239,28.99,11.62,3.12,2.59,,0.0,97.0,Meats
"CHICKEN,BROILERS OR FRYERS,DK MEAT,MEAT ONLY,CKD,RSTD",205,27.37,9.73,2.66,0.0,0.0,0.0,93.0,Meats
"CHICKEN,BROILERS OR FRYERS,DK MEAT,MEAT ONLY,CKD,STWD",192,25.97,8.98,2.45,0.0,0.0,0.0,74.0,Meats
"CHICKEN,BROILERS OR FRYERS,FAT,RAW",629,3.73,67.95,20.25,0.0,0.0,0.0,32.0,Meats
"CHICKEN,BROILERS OR FRYERS,BACK,MEAT&SKN,RAW",319,14.05,28.74,8.34,0.0,0.0,0.0,64.0,Meats
"CHICKEN,BROILERS OR FRYERS,BACK,MEAT&SKN,CKD,FRIED,BATTER",331,21.97,21.91,5.83,10.25,,,317.0,Meats
"CHICKEN,BROILERS OR FRYERS,BACK,MEAT&SKN,CKD,FRIED,FLR",331,27.79,20.74,5.61,6.5,,,90.0,Meats
"CHICKEN,BROILERS OR FRYERS,BACK,MEAT&SKN,CKD,RSTD",300,25.95,20.97,5.82,0.0,0.0,0.0,87.0,Meats
"CHICKEN,BROILERS OR FRYERS,BACK,MEAT&SKN,CKD,STWD",258,22.18,18.14,5.02,0.0,0.0,0.0,64.0,Meats
"CHICKEN,BROILERS OR FRYERS,BACK,MEAT ONLY,RAW",137,19.56,5.92,1.52,0.0,0.0,0.0,82.0,Meats
"CHICKEN,BROILERS OR FRYERS,BACK,MEAT ONLY,CKD,FRIED",288,29.99,15.32,4.12,5.68,,0.0,99.0,Meats
"CHICKEN,BROILERS OR FRYERS,BACK,MEAT ONLY,CKD,RSTD",239,28.19,13.16,3.6,0.0,0.0,0.0,96.0,Meats
"CHICKEN,BROILERS OR FRYERS,BACK,MEAT ONLY,CKD,STWD",209,25.31,11.19,3.04,0.0,0.0,0.0,67.0,Meats
"CHICKEN,BROILERS OR FRYERS,BREAST,MEAT&SKN,RAW",172,20.85,9.25,2.66,0.0,0.0,0.0,63.0,Meats
"CHICKEN,BROILERS OR FRYERS,BREAST,MEAT&SKN,CKD,FRIED,BATTER",260,24.84,13.2,3.52,8.99,0.0,0.3,275.0,Meats
"CHICKEN,BROILERS OR FRYERS,BREAST,MEAT&SKN,CKD,FRIED,FLR",222,31.84,8.87,2.45,1.64,,0.1,76.0,Meats
"CHICKEN,BROILERS OR FRYERS,BREAST,MEAT&SKN,CKD,RSTD",197,29.8,7.78,2.19,0.0,0.0,0.0,71.0,Meats
"CHICKEN,BROILERS OR FRYERS,BREAST,MEAT&SKN,CKD,STWD",184,27.39,7.42,2.08,0.0,0.0,0.0,62.0,Meats
"CHICKEN,BROILER OR FRYERS,BRST,SKINLESS,BNLESS,MEAT ONLY,RAW",120,22.5,2.62,0.563,0.0,0.0,0.0,45.0,Meats
"CHICKEN,BROILERS OR FRYERS,BREAST,MEAT ONLY,CKD,FRIED",187,33.44,4.71,1.29,0.51,0.0,0.0,79.0,Meats
"CHICKEN,BROILERS OR FRYERS,BREAST,MEAT ONLY,CKD,RSTD",165,31.02,3.57,1.01,0.0,0.0,0.0,74.0,Meats
"CHICKEN,BROILERS OR FRYERS,BREAST,MEAT ONLY,CKD,STWD",151,28.98,3.03,0.85,0.0,0.0,0.0,63.0,Meats
"CHICKEN,BROILERS OR FRYERS,DRUMSTK,MEAT&SKN,RAW",161,18.08,9.2,2.459,0.11,0.0,0.0,106.0,Meats
"CHICKEN,BROILERS OR FRYERS,DRUMSTK,MEAT&SKN,CKD,FRIED,BATTER",268,21.95,15.75,4.14,8.28,,0.3,269.0,Meats
"CHICKEN,BROILERS OR FRYERS,DRUMSTK,MEAT&SKN,CKD,FRIED,FLR",245,26.96,13.72,3.66,1.63,,0.1,89.0,Meats
"CHICKEN,BROILERS OR FRYERS,DRUMSTK,MEAT&SKN,CKD,RSTD",191,23.35,10.15,2.74,0.0,0.0,0.0,123.0,Meats
"CHICKEN,BROILERS OR FRYERS,DRUMSTK,MEAT&SKN,CKD,STWD",204,25.32,10.64,2.91,0.0,0.0,0.0,76.0,Meats
"CHICKEN,BROILERS OR FRYERS,DK MEAT,DRUMSTK,MEAT ONLY,RAW",116,19.41,3.71,0.949,0.0,0.0,0.0,114.0,Meats
"CHICKEN,BROILERS OR FRYERS,DRUMSTK,MEAT ONLY,CKD,FRIED",195,28.62,8.08,2.13,0.0,,0.0,96.0,Meats
"CHICKEN,BROILERS OR FRYERS,DK MEAT,DRUMSTK,MEAT ONLY,CKD,RST",155,24.24,5.7,1.505,0.0,0.0,0.0,128.0,Meats
"CHICKEN,BROILERS OR FRYERS,DRUMSTK,MEAT ONLY,CKD,STWD",169,27.5,5.71,1.51,0.0,0.0,0.0,80.0,Meats
"CHICKEN,BROILERS OR FRYERS,LEG,MEAT&SKN,RAW",214,16.37,15.95,4.366,0.17,0.0,0.0,84.0,Meats
"CHICKEN,BROILERS OR FRYERS,LEG,MEAT&SKN,CKD,FRIED,BATTER",273,21.77,16.17,4.28,8.72,,0.3,279.0,Meats
"CHICKEN,BROILERS OR FRYERS,LEG,MEAT&SKN,CKD,FRIED,FLR",254,26.84,14.43,3.9,2.5,,0.1,88.0,Meats
"ICE CRM CONE,CHOC COVERED,W/ NUTS,FLAVORS OTHER THAN CHOC",354,5.21,21.88,11.458,34.38,25.0,1.0,94.0,Nuts & Seeds
"NUTRITIONAL SUPP FOR PEOPLE W/ DIABETES,LIQ",88,4.4,3.08,0.232,11.88,2.64,2.2,92.0,Nuts & Seeds
"ICE CRM BAR,COVERED W/ CHOC & NUTS",303,5.62,25.84,15.904,11.89,10.8,1.1,56.0,Nuts & Seeds
"ICE CRM,LOWFAT,NO SUGAR ADDED,CONE,ADDED PNUTS & CHOC SAU",265,5.33,9.33,6.598,40.01,10.67,9.3,113.0,Nuts & Seeds
ANISE SEED,337,17.6,15.9,0.586,50.02,,14.6,16.0,Nuts & Seeds
CARAWAY SEED,333,19.77,14.59,0.62,49.9,0.64,38.0,17.0,Nuts & Seeds
CELERY SEED,392,18.07,25.27,2.19,41.35,0.67,11.8,160.0,Nuts & Seeds
CORIANDER SEED,298,12.37,17.77,0.99,54.99,,41.9,35.0,Nuts & Seeds
CUMIN SEED,375,17.81,22.27,1.535,44.24,2.25,10.5,168.0,Nuts & Seeds
DILL SEED,305,15.98,14.54,0.73,55.17,,21.1,20.0,Nuts & Seeds
FENNEL SEED,345,15.8,14.87,0.48,52.29,,39.8,88.0,Nuts & Seeds
FENUGREEK SEED,323,23.0,6.41,1.46,58.35,,24.6,67.0,Nuts & Seeds
"NUTMEG,GROUND",525,5.84,36.31,25.94,49.29,2.99,20.8,16.0,Nuts & Seeds
POPPY SEED,525,17.99,41.56,4.517,28.13,2.99,19.5,26.0,Nuts & Seeds
"BABYFOOD,VEG,BUTTERNUT SQUASH&CORN",50,2.0,0.6,0.095,9.26,2.93,2.0,5.0,Nuts & Seeds
"INF FORMULA,MEAD JOHNSON,ENFAMIL,NUTRAMIGEN,W/ IRON,RTF",66,1.83,3.5,1.364,6.81,5.13,0.0,31.0,Nuts & Seeds
"INF FORM,MEAD JOHNSON,ENFAMIL,NUTRAMIGEN,W/IRON,PDR,NOTRECN",502,14.2,25.0,10.99,55.0,55.0,0.0,230.0,Nuts & Seeds
"INF FORM,MEAD JOHNSON,ENFAMIL,NUTRAMIGEN,W/IRON,LC,NOT RECON",127,3.53,6.73,2.879,13.12,13.08,0.0,60.0,Nuts & Seeds
"INF FORMULA, ABBOTT NUTR, SIMILAC, PM 60/40, PDR NOT RECON",524,11.4,28.71,12.214,54.94,52.38,0.0,123.0,Nuts & Seeds
"INF FOR,ME JOH,ENF,NUTR LIPIL,W/ IRO,PDR,NOT RE,W/ ARA & DHA",494,13.9,26.0,10.99,51.0,51.0,0.0,230.0,Nuts & Seeds
"INF FORMULA, ABB NUT,SIMI,NAT CA,AD,RTF,W/ ARA & DHA",78,2.12,4.24,2.544,8.2,8.2,0.0,34.0,Nuts & Seeds
"INF FORMULA, AB NUT, SIM, SP CA, ADV 24,W/ IR, RT,W/ AR & DH",71,1.8,3.26,2.12,8.73,8.3,0.0,34.0,Nuts & Seeds
"INF FORMULA, ABBO NUTR, SIMIL,ISOMI,W/ IRON,RTF",66,1.61,3.59,1.166,6.7,6.7,0.0,29.0,Nuts & Seeds
"INF FORMULA, ABBOTT NUTR, SIMILAC, ISOMIL,W/ IRON,LIQ CONC",128,3.13,6.98,2.262,13.21,13.1,0.0,56.0,Nuts & Seeds
"INF FORMULA, ABBO NUTR, SIMILA, ISOMI, W/ IRON,PDR,NOT RECON",517,12.6,28.09,9.167,53.57,52.97,0.0,226.0,Nuts & Seeds
"INF FO,ME JO,ENF,NUTR,LIPIL,W/ IR,LIQ CO NOT RE,W/ ARA & DHA",126,3.53,6.73,2.798,13.12,9.87,0.0,60.0,Nuts & Seeds
"INF FORMU,ME JOHNS,ENFAM,NUTRA,LIPI,W/ IRO,RTF,W/ ARA & DHA",66,1.83,3.5,1.453,6.81,5.13,0.0,31.0,Nuts & Seeds
"INF FORMULA, ABBOTT NUTR, SIMILAC, ALIMENTUM, W/ IRON,RTF",66,1.8,3.63,1.838,6.77,4.4,0.0,29.0,Nuts & Seeds
"INF FORMULA, ABBOTT NUTR, SIMILAC, W/ IRON, RTF",65,1.36,3.55,1.237,6.92,6.9,0.0,16.0,Nuts & Seeds
"INF FORM, AB NUTR, SIMILAC, W/ IRON, LIQ CONC, NOT RECON",127,2.64,6.89,2.401,13.76,13.76,0.0,31.0,Nuts & Seeds
"INF FORMULA, ABBOTT NUTR, SIMILAC, W/ IRON, PDR, NOT RECON",522,10.89,28.87,9.873,54.73,54.73,0.0,126.0,Nuts & Seeds
"INF FORMULA, ABBOTT NUTR, SIMILAC, LO IRON, RTF",65,1.36,3.55,1.237,6.93,6.93,0.0,16.0,Nuts & Seeds
"INF FORMULA, ABBOTT NUTR, SIMILAC, LO IRON,LIQ CONC,NOT RECO",127,2.64,6.89,2.401,13.76,13.76,0.0,31.0,Nuts & Seeds
"INF FORMULA, ABBOTT NUTR, SIMILAC, LO IRON, PDR,NOT RECON",522,10.85,28.87,9.873,54.78,54.7,0.0,126.0,Nuts & Seeds
"CHILD FORMULA,ABBOTT NUTR,PEDIASURE,RTF (FORMERLY ROSS)",99,2.86,4.77,1.256,11.15,10.5,0.0,36.0,Nuts & Seeds
"CHI FORMU,ABBT NUTR,PEDIASU,RTF,W/ IRON & FIB (FORMER ROSS)",99,2.8,4.7,1.256,11.28,7.6,0.5,36.0,Nuts & Seeds
"INF FORM, ABBO NUTR, SIMIL, ALIMENT, ADVAN, RTF,W/ ARA & DHA",67,1.8,3.63,1.838,6.77,4.4,0.0,29.0,Nuts & Seeds
"INF FORM,ABBOT NUT,SIMIL NEOSU,RTF,W/ ARA & DHA",69,1.92,3.77,2.447,6.94,6.9,0.0,23.0,Nuts & Seeds
"INF FORMULA, ABB NUTR, SIMI,SENS (LACT FRE) RTF,W/ ARA & DHA",68,1.48,3.74,2.43,7.4,7.4,0.0,21.0,Nuts & Seeds
"INF FORMULA, ABB NUT,SIMIL,SENS,(LACT FR),LIQ CON,W/ AR & DH",128,2.73,6.95,4.522,13.64,13.78,0.0,39.0,Nuts & Seeds
"INF FORMULA, ABB NUTR,SIMIL,SENS,(LACTO FR), PD, W/ ARA & DH",520,11.13,28.14,18.305,55.67,55.67,0.0,158.0,Nuts & Seeds
"INF FORMULA, ABBOTT NUTR, SIMILAC, ADVANCE, W/ IRON, RTF",66,1.36,3.7,1.237,6.77,6.9,0.0,16.0,Nuts & Seeds
"INF FORMULA,ABBOTT NUTR,SIMILAC,ADVANC,W/ IRON,PDR,NOT RECON",522,10.89,28.87,9.873,54.73,54.73,0.0,126.0,Nuts & Seeds
"INF FORMU,ABBO NUTR,SIMILAC,ADVAN,W/ IRON,LIQ CONC,NOT RECON",127,2.64,6.89,2.401,13.52,13.52,0.0,31.0,Nuts & Seeds
"INF FORMULA, ABB NUTR, SIMIL, ISOMIL, ADVA W/ IRON,LIQ CONC",128,3.13,6.98,2.262,13.21,13.1,0.0,56.0,Nuts & Seeds
"INF FORMULA, ABBO NUTR,SIMIL,ISOMIL, ADVANCE W/ IRON,RTF",66,1.61,3.59,1.166,6.7,6.7,0.0,29.0,Nuts & Seeds
"INF FORMULA, ABB NUTR, SIMI, ISOMI, ADVAN W/ IRO ,PD,NOT REC",517,12.6,28.09,9.167,53.57,52.97,0.0,226.0,Nuts & Seeds
"INF FORMULA,MEAD JOHNSON,ENFAMIL,NUTRAMIGEN AA,RTF",66,1.84,3.48,1.592,6.76,6.76,0.0,31.0,Nuts & Seeds
"INF FORMU, ABBO NUTR, SIMIL, EXPERT CARE, DIARRH RT",66,1.76,3.6,1.477,6.67,6.66,0.7,29.0,Nuts & Seeds
"INF FORMULA, ABBO NUTR, SIMIL, FOR SPIT UP, RTF,W/ ARA & DHA",66,1.4,3.54,2.3,7.19,7.19,0.0,20.0,Nuts & Seeds
"INF FORMULA, ABBOTT NUTRIT, SIMILAC, FOR SPIT UP, POW",514,11.0,27.75,18.025,55.0,55.0,0.0,154.0,Nuts & Seeds
"SHORTENING,HOUSEHOLD,PARTIALLY HYDROG SOYBN -COTTONSEED",884,0.0,100.0,25.0,0.0,0.0,0.0,0.0,Nuts & Seeds
"OIL,PNUT,SALAD OR COOKING",884,0.0,100.0,16.9,0.0,0.0,0.0,0.0,Nuts & Seeds
"OIL,POPPYSEED",884,0.0,100.0,13.5,0.0,0.0,0.0,0.0,Nuts & Seeds
"OIL,TOMATOSEED",884,0.0,100.0,19.7,0.0,0.0,0.0,0.0,Nuts & Seeds
"OIL,TEASEED",884,0.0,100.0,21.1,0.0,0.0,0.0,0.0,Nuts & Seeds
"OIL,GRAPESEED",884,0.0,100.0,9.6,0.0,0.0,0.0,0.0,Nuts & Seeds
"OIL,WALNUT",884,0.0,100.0,9.1,0.0,0.0,0.0,0.0,Nuts & Seeds
"OIL,ALMOND",884,0.0,100.0,8.2,0.0,0.0,0.0,0.0,Nuts & Seeds
"OIL,HAZELNUT",884,0.0,100.0,7.4,0.0,0.0,0.0,0.0,Nuts & Seeds
"OIL,SHEANUT",884,0.0,100.0,46.6,0.0,0.0,0.0,0.0,Nuts & Seeds
"OIL,NUTMEG BUTTER",884,0.0,100.0,90.0,0.0,0.0,0.0,0.0,Nuts & Seeds
"SALAD DRSNG,POPPYSEED,CREAMY",399,0.92,33.33,6.061,23.73,23.39,0.3,933.0,Nuts & Seeds
"OIL,FLAXSEED,CONTAINS ADDED SLICED FLAXSEED",878,0.37,99.01,9.047,0.39,,,6.0,Nuts & Seeds
CAMPBELL'S HOMESTYLE BUTTERNUT SQUASH BISQUE,45,0.41,1.22,0.816,7.76,4.9,0.4,265.0,Nuts & Seeds
"SAUCE,PNUT,MADE FROM COCNT,H2O,SUGAR,PNUTS",179,2.02,6.34,3.53,28.46,18.8,1.1,319.0,Nuts & Seeds
"YACHTWURST,W/ PISTACHIO NUTS,CKD",268,14.8,22.6,7.9,1.4,0.0,0.0,936.0,Nuts & Seeds
"CEREALS RTE,QUAKER,CAP'N CRUNCH'S PNUT BUTTER CRUNCH",417,7.1,9.23,3.92,78.65,33.36,2.7,742.0,Nuts & Seeds
"CEREALS RTE,POST,GRAPE-NUTS CRL",361,11.22,1.81,0.34,80.49,8.86,13.0,465.0,Nuts & Seeds
"CEREALS RTE,POST,GRAPE-NUTS FLAKES",376,9.4,3.7,0.5,82.0,15.2,10.2,470.0,Nuts & Seeds
"CEREALS RTE,GENERAL MILLS,HONEY NUT CHEERIOS",376,8.85,5.0,0.529,79.69,32.89,7.1,566.0,Nuts & Seeds
"CEREALS RTE,GENERAL MILLS,HONEY NUT CHEX",375,6.3,2.0,0.5,86.67,28.1,3.9,600.0,Nuts & Seeds
"CEREALS RTE,GENERAL MILLS,OATMEAL CRISP,CRUNCHY ALMOND",390,9.89,6.69,1.1,78.09,22.89,8.2,212.0,Nuts & Seeds
"CEREALS,QUAKER,INST OATMEAL,RAISINS,DATES & WALNUTS,DRY",371,8.82,6.98,1.07,72.41,30.85,6.9,516.0,Nuts & Seeds
"CEREALS RTE,GENERAL MILLS,HONEY NUT CLUSTERS",374,7.7,2.0,0.5,85.2,24.8,6.3,515.0,Nuts & Seeds
"CEREALS RTE,GENERAL MILLS,RAISIN NUT BRAN",368,8.19,5.3,1.0,80.0,28.5,12.2,440.0,Nuts & Seeds
"CEREALS RTE,QUAKER,MOTHER'S PNUT BUTTER BUMPERS CRL",407,7.62,7.33,1.45,79.68,29.29,2.5,774.0,Nuts & Seeds
"CEREALS RTE,MOM'S BEST,HONEY NUT TOASTY O'S",388,8.6,4.51,0.55,79.84,30.17,6.3,683.0,Nuts & Seeds
"CEREALS RTE,KELLOGG'S,SPL K VANILLA ALMOND",366,7.8,4.0,0.4,83.0,29.2,9.6,559.0,Nuts & Seeds
"CEREALS RTE,KASHI GO LN CRUNCH!,HONEY ALMOND FLAX",379,16.79,9.9,1.0,66.9,22.2,15.0,268.0,Nuts & Seeds
"CEREALS RTE,KELLOGG'S CRUNCHY NUT GOLDEN HONEY NUT FLAKES",385,6.7,3.9,0.6,83.3,33.5,2.4,442.0,Nuts & Seeds
"CEREALS RTE,GENERAL MILLS,PNUT BUTTER TOAST CRUNCH",410,8.19,9.8,1.79,76.19,27.1,5.5,452.0,Nuts & Seeds
"CEREALS RTE,GENERAL MILLS,FIBER ONE,NUTTY CLUSTERS & ALMONDS",348,7.9,6.8,0.69,79.5,22.1,18.2,378.0,Nuts & Seeds
"CEREALS RTE,GENERAL MILLS,HONEY NUT CHEERIOS,MEDLEY CRUNCH",387,9.1,5.4,0.89,79.5,29.1,7.5,385.0,Nuts & Seeds
"CEREALS RTE,MALT-O-MEAL,OAT BLENDERS W/ HONEY & ALMONDS",379,7.8,4.88,0.62,77.26,20.26,6.1,453.0,Nuts & Seeds
"CEREALS RTE,MALT-O-MEAL,HONEY NUT SCOOTERS",387,8.59,4.51,0.63,79.62,29.97,6.3,695.0,Nuts & Seeds
"CEREALS RTE,CASCADIAN FARM,HONEY NUT O'S",371,8.3,3.29,0.6,83.09,24.79,8.5,572.0,Nuts & Seeds
"CEREALS,QUAKER,OATMEAL,REAL MEDLEYS,APPL WALNUT,DRY",390,8.18,10.36,1.301,70.53,29.36,7.0,356.0,Nuts & Seeds
"CEREALS,QUAKER,OATMEAL,REAL MEDLEYS,PEACH ALMOND,DRY",387,10.1,9.84,1.114,68.61,24.85,7.4,201.0,Nuts & Seeds
"CEREALS RTE,KELLOGG,KELLOGG'S RAISIN BRAN,CINN ALMOND",347,7.4,2.9,0.4,81.19,31.29,9.2,373.0,Nuts & Seeds
"CEREALS RTE,KELLOGG RAISIN BRAN W/ OMEGA-3 FROM FLAXSEED",349,7.3,2.5,0.3,82.69,31.29,9.6,355.0,Nuts & Seeds
"CEREALS RTE,KELLOGG'S SPL K CHOC ALMOND",375,7.59,5.09,1.39,81.5,27.5,10.3,545.0,Nuts & Seeds
"GRAPES,RED OR GRN (EURO TYPE,SUCH AS THOMPSON SEEDLESS),RAW",69,0.72,0.16,0.054,18.1,15.48,0.9,2.0,Nuts & Seeds
"GRAPES,CND,THOMPSON SEEDLESS,H2O PK,SOL&LIQUIDS",40,0.5,0.11,0.035,10.3,9.7,0.6,6.0,Nuts & Seeds
"GRAPES,CND,THOMPSON SEEDLESS,HVY SYRUP PK,SOL&LIQUIDS",76,0.48,0.1,0.033,19.65,19.05,0.6,5.0,Nuts & Seeds
"RAISINS,GOLDEN SEEDLESS",302,3.39,0.46,0.151,79.52,59.19,4.0,12.0,Nuts & Seeds
"RAISINS,SEEDLESS",299,3.07,0.46,0.058,79.18,59.19,3.7,11.0,Nuts & Seeds
"RAISINS,SEEDED",296,2.52,0.54,0.178,78.47,,6.8,28.0,Nuts & Seeds
"ALFALFA SEEDS,SPROUTED,RAW",23,3.99,0.69,0.069,2.1,0.2,1.9,6.0,Nuts & Seeds
"BEANS,KIDNEY,MATURE SEEDS,SPROUTED,RAW",29,4.2,0.5,0.072,4.1,,,6.0,Nuts & Seeds
"FISH OIL,COD LIVER",902,0.0,100.0,22.608,0.0,,0.0,0.0,Seafood
"FISH OIL,HERRING",902,0.0,100.0,21.29,0.0,,0.0,0.0,Seafood
"FISH OIL,MENHADEN",902,0.0,100.0,30.427,0.0,,0.0,0.0,Seafood
"FISH OIL,MENHADEN,FULLY HYDR",902,0.0,100.0,95.6,0.0,,0.0,0.0,Seafood
"FISH OIL,SALMON",902,0.0,100.0,19.872,0.0,,0.0,0.0,Seafood
"FISH OIL,SARDINE",902,0.0,100.0,29.892,0.0,,0.0,0.0,Seafood
"SOUP,STOCK,FISH,HOME-PREPARED",16,2.26,0.81,0.203,0.0,0.0,0.0,156.0,Seafood
"SAUCE,FISH,READY-TO-SERVE",35,5.06,0.01,0.003,3.64,3.64,0.0,7851.0,Seafood
"CAMPBELL'S RED & WHITE,GOLDFISH PASTA W/ CHICK",63,2.38,1.59,0.397,9.52,0.79,0.8,381.0,Seafood
FISH BROTH,16,2.0,0.6,0.133,0.4,0.09,0.0,318.0,Seafood
"BLUEFISH,RAW",124,20.04,4.24,0.915,0.0,,0.0,60.0,Seafood
"BUTTERFISH,RAW",146,17.28,8.02,3.38,0.0,,0.0,89.0,Seafood
"CATFISH,CHANNEL,WILD,RAW",95,16.38,2.82,0.722,0.0,,0.0,43.0,Seafood
"FISH,COD,PACIFIC,RAW (MAY HAVE BEEN PREVIOUSLY FROZEN)",69,15.27,0.41,0.085,0.0,0.0,0.0,303.0,Seafood
"FISH,MAHIMAHI,RAW",85,18.5,0.7,0.188,0.0,,0.0,88.0,Seafood
"FISH,FISH STKS,FRZ,PREP",277,11.01,16.23,3.733,21.66,1.65,1.5,402.0,Seafood
"FLATFISH (FLOUNDER&SOLE SP),RAW",70,12.41,1.93,0.441,0.0,0.0,0.0,296.0,Seafood
"FLATFISH (FLOUNDER&SOLE SP),CKD,DRY HEAT",86,15.24,2.37,0.542,0.0,0.0,0.0,363.0,Seafood
"GEFILTEFISH,COMM,SWT RECIPE",84,9.07,1.73,0.412,7.41,,0.0,524.0,Seafood
"MONKFISH,RAW",76,14.48,1.52,0.34,0.0,,0.0,18.0,Seafood
"FISH,POLLOCK,ALASKA,RAW (MAY HAVE BEEN PREVIOUSLY FROZEN)",56,12.19,0.41,0.124,0.0,0.0,0.0,333.0,Seafood
"FISH,POLLOCK,ALASKA,CKD,DRY HEAT (MAYBE PREVIOUSLY FROZEN)",111,23.48,1.18,0.159,0.0,0.0,0.0,419.0,Seafood
"ROCKFISH,PACIFIC,MXD SP,RAW",90,18.36,1.34,0.347,0.0,0.0,0.0,74.0,Seafood
"ROCKFISH,PACIFIC,MXD SP,CKD,DRY HEAT",109,22.23,1.62,0.42,0.0,0.0,0.0,89.0,Seafood
"SABLEFISH,RAW",195,13.41,15.3,3.201,0.0,,0.0,56.0,Seafood
"SABLEFISH,SMOKED",257,17.65,20.14,4.213,0.0,,0.0,737.0,Seafood
"SALMON,ATLANTIC,WILD,RAW",142,19.84,6.34,0.981,0.0,,0.0,44.0,Seafood
"SALMON,CHINOOK,SMOKED",117,18.28,4.32,0.929,0.0,0.0,0.0,672.0,Seafood
"SALMON,CHINOOK,RAW",179,19.93,10.43,3.1,0.0,0.0,0.0,47.0,Seafood
"SALMON,CHUM,RAW",120,20.14,3.77,0.84,0.0,,0.0,50.0,Seafood
"SALMON,CHUM,DRND SOL W/BONE",141,21.43,5.5,1.486,0.0,0.0,0.0,391.0,Seafood
"SALMON,COHO,WILD,RAW",146,21.62,5.93,1.26,0.0,0.0,0.0,46.0,Seafood
"SALMON,COHO,WILD,CKD,MOIST HEAT",184,27.36,7.5,1.595,0.0,,0.0,53.0,Seafood
"SALMON,PINK,RAW",127,20.5,4.4,0.81,0.0,0.0,0.0,75.0,Seafood
"FISH,SALMON,PINK,CND,TOTAL CAN CONTENTS",129,19.68,4.97,0.862,0.0,0.0,0.0,403.0,Seafood
"FISH,SALMON,SOCKEYE,RAW",131,22.25,4.69,0.814,0.0,0.0,0.0,78.0,Seafood
"FISH,SALMON,SOCKEYE,CKD,DRY HEAT",156,26.48,5.57,0.969,0.0,0.0,0.0,92.0,Seafood
"FISH,SALMON,SOCKEYE,CND,DRND SOL",167,23.59,7.39,1.44,0.0,0.0,0.0,408.0,Seafood
"SWORDFISH,RAW",144,19.66,6.65,1.602,0.0,0.0,0.0,81.0,Seafood
"SWORDFISH,COOKED,DRY HEAT",172,23.45,7.93,1.911,0.0,0.0,0.0,97.0,Seafood
"TILEFISH,RAW",96,17.5,2.31,0.441,0.0,,0.0,53.0,Seafood
"TILEFISH,COOKED,DRY HEAT",147,24.49,4.69,0.868,0.0,,0.0,59.0,Seafood
"TUNA,FRESH,BLUEFIN,RAW",144,23.33,4.9,1.257,0.0,0.0,0.0,39.0,Seafood
"TUNA,FRSH,BLUEFIN,CKD,DRY HEAT",184,29.91,6.28,1.612,0.0,,0.0,50.0,Seafood
"TUNA,LT,CND IN OIL,DRND SOL",198,29.13,8.21,1.534,0.0,0.0,0.0,416.0,Seafood
"FISH,TUNA,LT,CND IN H2O,DRND SOL",86,19.44,0.96,0.211,0.0,0.0,0.0,247.0,Seafood
"TUNA,FRESH,SKIPJACK,RAW",103,22.0,1.01,0.328,0.0,,0.0,37.0,Seafood
"TUNA,WHITE,CND IN OIL,DRND SOL",186,26.53,8.08,1.28,0.0,0.0,0.0,396.0,Seafood
"TUNA,WHITE,CND IN H2O,DRND SOL",128,23.62,2.97,0.792,0.0,0.0,0.0,377.0,Seafood
"TUNA,FRESH,YELLOWFIN,RAW",109,24.4,0.49,0.172,0.0,0.0,0.0,45.0,Seafood
TUNA SALAD,187,16.04,9.26,1.544,9.41,,0.0,402.0,Seafood
"WHITEFISH,MXD SP,RAW",134,19.09,5.86,0.906,0.0,0.0,0.0,51.0,Seafood
"WHITEFISH,MXD SP,SMOKED",108,23.4,0.93,0.228,0.0,0.0,0.0,1019.0,Seafood
"WOLFFISH,ATLANTIC,RAW",96,17.5,2.39,0.365,0.0,,0.0,85.0,Seafood
"CRAYFISH,MXD SP,WILD,RAW",77,15.97,0.95,0.159,0.0,0.0,0.0,58.0,Seafood
"CRAYFISH,MXD SP,WILD,CKD,MOIST HEAT",82,16.77,1.2,0.181,0.0,0.0,0.0,94.0,Seafood
"CUTTLEFISH,MXD SP,RAW",79,16.24,0.7,0.118,0.82,,0.0,372.0,Seafood
"SALMON,CHINOOK,SMOKED,(LOX),REG",117,18.28,4.32,0.929,0.0,,0.0,2000.0,Seafood
"SALMON,CHUM,CND,WO/SALT,DRND SOL W/BONE",141,21.43,5.5,1.486,0.0,,0.0,75.0,Seafood
"SALMON,PINK,CND,WO/SALT,SOL W/BONE&LIQ",139,19.78,6.05,1.535,0.0,,0.0,75.0,Seafood
"SALMON,SOCKEYE,CND,WO/SALT,DRND SOL W/BONE",153,20.47,7.31,1.644,0.0,,0.0,75.0,Seafood
"TUNA,LT,CND IN OIL,WO/SALT,DRND SOL",198,29.13,8.21,1.534,0.0,,0.0,50.0,Seafood
"TUNA,LT,CND IN H2O,WO/SALT,DRND SOL",116,25.51,0.82,0.234,0.0,0.0,0.0,50.0,Seafood
"TUNA,WHITE,CND IN OIL,WO/SALT,DRND SOL",186,26.53,8.08,1.65,0.0,,0.0,50.0,Seafood
"TUNA,WHITE,CND IN H2O,WO/SALT,DRND SOL",128,23.62,2.97,0.792,0.0,,0.0,50.0,Seafood
"BLUEFISH,COOKED,DRY HEAT",159,25.69,5.44,1.172,0.0,,0.0,77.0,Seafood
"BUTTERFISH,CKD,DRY HEAT",187,22.15,10.28,,0.0,,0.0,114.0,Seafood
"FISH,COD,PACIFIC,CKD,DRY HEAT (MAYBE PREVIOUSLY FROZEN)",85,18.73,0.5,0.105,0.0,0.0,0.0,372.0,Seafood
"FISH,MAHIMAHI,CKD,DRY HEAT",109,23.72,0.9,0.241,0.0,,0.0,113.0,Seafood
"MONKFISH,COOKED,DRY HEAT",97,18.56,1.95,,0.0,,0.0,23.0,Seafood
"SABLEFISH,COOKED,DRY HEAT",250,17.19,19.62,4.099,0.0,,0.0,72.0,Seafood
"SALMON,ATLANTIC,WILD,CKD,DRY HEAT",182,25.44,8.13,1.257,0.0,,0.0,56.0,Seafood
"SALMON,CHINOOK,CKD,DRY HEAT",231,25.72,13.38,3.214,0.0,,0.0,60.0,Seafood
"SALMON,CHUM,CKD,DRY HEAT",154,25.82,4.83,1.077,0.0,,0.0,64.0,Seafood
"SALMON,PINK,CKD,DRY HEAT",153,24.58,5.28,0.971,0.0,0.0,0.0,90.0,Seafood
"SUNFISH,PUMPKIN SD,CKD,DRY HEAT",114,24.87,0.9,0.178,0.0,,0.0,103.0,Seafood
"TUNA,SKIPJACK,FRSH,CKD,DRY HEAT",132,28.21,1.29,0.42,0.0,,0.0,47.0,Seafood
"TUNA,YELLOWFIN,FRSH,CKD,DRY HEAT",130,29.15,0.59,0.205,0.0,0.0,0.0,54.0,Seafood
"WHITEFISH,MXD SP,CKD,DRY HEAT",172,24.47,7.51,1.162,0.0,,0.0,65.0,Seafood
"WOLFFISH,ATLANTIC,CKD,DRY HEAT",123,22.44,3.06,0.468,0.0,,0.0,109.0,Seafood
"CUTTLEFISH,MXD SP,CKD,MOIST HEAT",158,32.48,1.4,0.236,1.64,,0.0,744.0,Seafood
"CATFISH,CHANNEL,WILD,CKD,DRY HEAT",105,18.47,2.85,0.744,0.0,,0.0,50.0,Seafood
"CATFISH,CHANNEL,FARMED,RAW",119,15.23,5.94,1.31,0.0,0.0,0.0,98.0,Seafood
"CATFISH,CHANNEL,FARMED,CKD,DRY HEAT",144,18.44,7.19,1.586,0.0,0.0,0.0,119.0,Seafood
"SALMON,ATLANTIC,FARMED,RAW",208,20.42,13.42,3.05,0.0,0.0,0.0,59.0,Seafood
"SALMON,ATLANTIC,FARMED,CKD,DRY HEAT",206,22.1,12.35,2.397,0.0,0.0,0.0,61.0,Seafood
"SALMON,COHO,FARMED,RAW",160,21.27,7.67,1.816,0.0,,0.0,47.0,Seafood
"SALMON,COHO,FARMED,CKD,DRY HEAT",178,24.3,8.23,1.944,0.0,,0.0,52.0,Seafood
"CRAYFISH,MXD SP,FARMED,RAW",72,14.85,0.97,0.163,0.0,,0.0,62.0,Seafood
"CRAYFISH,MXD SP,FARMED,CKD,MOIST HEAT",87,17.52,1.3,0.216,0.0,,0.0,97.0,Seafood
"SALMON,COHO,WILD,CKD,DRY HEAT",139,23.45,4.3,1.054,0.0,0.0,0.0,58.0,Seafood
"USDA COMMODITY,SALMON NUGGETS,CKD AS PURCHASED,UNHTD",189,11.97,10.43,1.497,11.85,,0.0,167.0,Seafood
"SALMON,SOCKEYE,CND,TOTAL CAN CONTENTS",153,20.63,7.17,1.46,0.0,0.0,0.0,433.0,Seafood
"FISH,SALMON,PINK,CND,DRND SOL",138,23.1,5.02,0.895,0.0,0.0,0.0,381.0,Seafood
"FISH,TILAPIA,RAW",96,20.08,1.7,0.585,0.0,0.0,0.0,52.0,Seafood
"FISH,TILAPIA,CKD,DRY HEAT",128,26.15,2.65,0.94,0.0,0.0,0.0,56.0,Seafood
"SALMON,SOCKEYE,CND,DRND SOL,WO/ SKN & BONES",158,26.33,5.87,1.211,0.0,0.0,0.0,386.0,Seafood
"FISH,SALMON,PINK,CND,DRND SOL,WO/ SKN & BONES",136,24.62,4.21,0.749,0.0,0.0,0.0,378.0,Seafood
"FISH,POLLOCK,ALASKA,RAW (NOT PREVIOUSLY FROZEN)",70,17.17,0.19,0.039,0.0,,,159.0,Seafood
"FISH,POLLOCK,ALASKA,CKD (NOT PREVIOUSLY FROZEN)",80,19.42,0.26,0.053,0.0,,,166.0,Seafood
"BABYFOOD,GERBER,2ND FOODS,APPL,CARROT & SQUASH,ORGANIC",64,1.1,0.0,0.0,14.82,9.09,1.2,20.0,Vegetables
"BABYFOOD,VEG,CARROTS,STR",26,0.8,0.1,0.018,6.0,3.64,1.7,69.0,Vegetables
"BABYFOOD,VEG,CARROTS,JR",32,0.8,0.2,0.036,7.2,3.16,1.7,49.0,Vegetables
"BABYFOOD,VEG,SPINACH,CRMD,STR",37,2.5,1.3,0.702,5.7,2.33,1.8,49.0,Vegetables
"BABYFOOD,CARROTS&BF,STR",59,3.4,2.5,0.96,5.7,2.04,2.6,69.0,Vegetables
"BABYFOOD,DINNER,BROCCOLI & CHICK,JR",62,3.59,2.48,0.51,6.34,1.43,1.4,17.0,Vegetables
"BABYFOOD,MSHD CHEDDAR POTATOES&BROCCOLI,TODDLER",48,1.11,1.47,0.875,7.47,1.17,1.2,176.0,Vegetables
"VEGETABLE OIL,PALM KERNEL",862,0.0,100.0,81.5,0.0,0.0,0.0,0.0,Vegetables
"CAMPBELL'S RED & WHITE,BROCCOLI CHS SOUP,COND",81,1.61,3.63,1.613,9.68,2.42,0.0,661.0,Vegetables
"CAMPBELL'S,98% FAT FREE CRM OF BROCCOLI SOUP,COND",56,1.61,1.61,0.403,8.06,0.81,1.6,565.0,Vegetables
"CAMPBELL'S,98% FAT FREE BROCCOLI CHS SOUP,COND",56,1.61,1.21,0.806,9.68,2.42,0.8,387.0,Vegetables
"CAMPBELL'S RED & WHITE,CRM OF BROCCOLI SOUP,COND",73,1.61,4.03,1.21,9.68,2.42,0.8,605.0,Vegetables
"CAMPBELL'S CHUNKY SOUPS,CHICK BROCCOLI CHS & POTATO SOUP",86,2.86,4.49,1.633,8.16,2.45,1.2,359.0,Vegetables
CAMPBELL'S HOMESTYLE POTATO BROCCOLI CHS SOUP,65,1.22,3.67,0.816,6.94,1.22,1.2,265.0,Vegetables
"SOUP,BROCCOLI CHS,CND,COND,COMM",87,2.1,5.3,1.6,7.7,2.12,1.8,661.0,Vegetables
"CAMPBELL'S SOUP ON THE GO,CREAMY BROCCOLI SOUP",52,0.66,3.61,0.984,4.26,1.31,1.0,289.0,Vegetables
"SMART SOUP,VIETNAMESE CARROT LEMONGRASS",44,1.3,1.06,0.35,8.2,4.4,1.5,145.0,Vegetables
"BROCCOLI,RAW",34,2.82,0.37,0.039,6.64,1.7,2.6,33.0,Vegetables
"BROCCOLI,CKD,BLD,DRND,WO/SALT",35,2.38,0.41,0.079,7.18,1.39,3.3,41.0,Vegetables
"BROCCOLI,FRZ,CHOPD,UNPREP",26,2.81,0.29,0.044,4.78,1.35,3.0,24.0,Vegetables
"BROCCOLI,FRZ,CHOPD,CKD,BLD,DRND,WO/SALT",28,3.1,0.12,0.018,5.35,1.47,3.0,11.0,Vegetables
"BROCCOLI,FRZ,SPEARS,UNPREP",29,3.06,0.34,0.052,5.35,1.47,3.0,17.0,Vegetables
"BROCCOLI,FRZ,SPEARS,CKD,BLD,DRND,WO/SALT",28,3.1,0.11,0.018,5.36,1.47,3.0,24.0,Vegetables
"BROCCOLI RAAB,RAW",22,3.17,0.49,0.05,2.85,0.38,2.7,33.0,Vegetables
"BROCCOLI RAAB,CKD",33,3.83,0.52,0.057,3.12,0.62,2.8,56.0,Vegetables
"CARROTS,RAW",41,0.93,0.24,0.037,9.58,4.74,2.8,69.0,Vegetables
"CARROTS,CKD,BLD,DRND,WO/SALT",35,0.76,0.18,0.03,8.22,3.45,3.0,58.0,Vegetables
"CARROTS,CND,REG PK,SOL&LIQUIDS",23,0.58,0.14,0.025,5.37,2.46,1.8,240.0,Vegetables
"CARROTS,CND,REG PK,DRND SOL",25,0.64,0.19,0.036,5.54,2.48,1.5,242.0,Vegetables
"CARROTS,FROZEN,UNPREPARED",36,0.78,0.46,0.047,7.9,4.76,3.3,68.0,Vegetables
"CARROTS,FRZ,CKD,BLD,DRND,WO/SALT",37,0.58,0.68,0.12,7.73,4.08,3.3,59.0,Vegetables
"LETTUCE,BUTTERHEAD (INCL BOSTON&BIBB TYPES),RAW",13,1.35,0.22,0.029,2.23,0.94,1.1,5.0,Vegetables
"LETTUCE,COS OR ROMAINE,RAW",17,1.23,0.3,0.039,3.29,1.19,2.1,8.0,Vegetables
"LETTUCE,ICEBERG (INCL CRISPHEAD TYPES),RAW",14,0.9,0.14,0.018,2.97,1.97,1.2,10.0,Vegetables
"LETTUCE,GRN LEAF,RAW",15,1.36,0.15,0.02,2.87,0.78,1.3,28.0,Vegetables
"LETTUCE,RED LEAF,RAW",16,1.33,0.22,0.017,2.26,0.48,0.9,25.0,Vegetables
"MUSTARD SPINACH,(TENDERGREEN),RAW",22,2.2,0.3,0.015,3.9,,2.8,21.0,Vegetables
"MUSTARD SPINACH,(TENDERGREEN),CKD,BLD,DRND,WO/SALT",16,1.7,0.2,,2.8,,2.0,14.0,Vegetables
"NEW ZEALAND SPINACH,RAW",14,1.5,0.2,0.032,2.5,0.29,1.5,130.0,Vegetables
"NEW ZEALAND SPINACH,CKD,BLD,DRND,WO/SALT",12,1.3,0.17,0.027,2.13,0.25,1.4,107.0,Vegetables
"PEAS&CARROTS,CND,REG PK,SOL&LIQUIDS",38,2.17,0.27,0.049,8.48,,2.0,260.0,Vegetables
"PEAS&CARROTS,FRZ,UNPREP",53,3.4,0.47,0.084,11.15,,3.4,79.0,Vegetables
"PEAS&CARROTS,FRZ,CKD,BLD,DRND,WO/SALT",48,3.09,0.42,0.077,10.12,4.36,3.1,68.0,Vegetables
"SPINACH,RAW",23,2.86,0.39,0.063,3.63,0.42,2.2,79.0,Vegetables
"SPINACH,CKD,BLD,DRND,WO/ SALT",23,2.97,0.26,0.043,3.75,0.43,2.4,70.0,Vegetables
"SPINACH,CND,REG PK,SOL&LIQUIDS",19,2.11,0.37,0.06,2.92,0.33,1.6,319.0,Vegetables
"SPINACH,CND,REG PK,DRND SOL",23,2.81,0.5,0.081,3.4,0.4,2.4,322.0,Vegetables
"SPINACH,FRZ,CHOPD OR LEAF,UNPREP",29,3.63,0.57,0.041,4.21,0.65,2.9,74.0,Vegetables
"SPINACH,FRZ,CHOPD OR LEAF,CKD,BLD,DRND,WO/SALT",34,4.01,0.87,0.157,4.8,0.51,3.7,97.0,Vegetables
"VEGETABLE JUC COCKTAIL,CND",22,0.93,0.31,0.088,3.87,2.84,0.5,169.0,Vegetables
"VEGETABLES,MXD,CND,SOL&LIQUIDS",36,1.42,0.25,0.051,7.13,,3.8,224.0,Vegetables
"VEGETABLES,MXD,CND,DRND SOL",49,2.59,0.25,0.051,9.26,2.41,3.0,214.0,Vegetables
"VEGETABLES,MXD,FRZ,UNPREP",72,3.33,0.52,0.098,13.47,,4.0,47.0,Vegetables
"VEGETABLES,MXD,FRZ,CKD,BLD,DRND,WO/SALT",65,2.86,0.15,0.031,13.09,3.12,4.4,35.0,Vegetables
"VEGETABLE JUC COCKTAIL,LO NA,CND",19,0.91,0.32,0.089,3.83,2.78,0.5,55.0,Vegetables
"VINESPINACH,(BASELLA),RAW",19,1.8,0.3,,3.4,,,24.0,Vegetables
"CARROT JUICE,CANNED",40,0.95,0.15,0.027,9.28,3.91,0.8,66.0,Vegetables
SPINACH SOUFFLE,172,7.89,12.95,6.091,5.9,1.85,0.7,566.0,Vegetables
"CARROT,DEHYDRATED",341,8.1,1.49,0.256,79.57,38.82,23.6,275.0,Vegetables
"BROCCOLI,LEAVES,RAW",28,2.98,0.35,0.054,5.06,1.48,2.3,27.0,Vegetables
"BROCCOLI,FLOWER CLUSTERS,RAW",28,2.98,0.35,0.054,5.06,1.48,2.3,27.0,Vegetables
"BROCCOLI,STALKS,RAW",28,2.98,0.35,0.054,5.24,,,27.0,Vegetables
"BROCCOLI,CKD,BLD,DRND,W/SALT",35,2.38,0.41,0.079,7.18,1.39,3.3,262.0,Vegetables
"BROCCOLI,FRZ,CHOPD,CKD,BLD,DRND,W/SALT",28,3.1,0.12,0.018,5.35,1.47,3.0,260.0,Vegetables
"BROCCOLI,FRZ,SPEARS,CKD,BLD,DRND,W/SALT",28,3.1,0.11,0.018,5.35,1.44,3.0,260.0,Vegetables
"CARROTS,CKD,BLD,DRND,W/SALT",35,0.76,0.18,0.037,8.22,3.45,3.0,302.0,Vegetables
"CARROTS,CND,NO SALT,SOL&LIQUIDS",23,0.59,0.14,0.024,5.36,2.46,1.8,34.0,Vegetables
"CARROTS,CND,NO SALT ,DRND SOL",25,0.64,0.19,0.036,5.54,2.48,1.5,42.0,Vegetables
"CARROTS,FRZ,CKD,BLD,DRND,W/SALT",37,0.58,0.68,0.132,7.73,4.08,3.3,295.0,Vegetables
"MUSTARD SPINACH,(TENDERGREEN),CKD,BLD,DRND,W/SALT",16,1.7,0.2,,2.8,,2.0,250.0,Vegetables
"NEW ZEALAND SPINACH,CKD,BLD,DRND,W/SALT",12,1.3,0.17,0.027,2.13,0.25,1.4,343.0,Vegetables
"PEAS&CARROTS,CND,NO SALT,SOL&LIQUIDS",38,2.17,0.27,0.049,8.48,2.83,3.3,4.0,Vegetables
"PEAS&CARROTS,FRZ,CKD,BLD,DRND,W/SALT",48,3.09,0.42,0.077,10.12,4.36,3.1,304.0,Vegetables
"SPINACH,CKD,BLD,DRND,W/SALT",23,2.97,0.26,0.043,3.75,0.43,2.4,306.0,Vegetables
"SPINACH,CND,NO SALT,SOL&LIQUIDS",19,2.11,0.37,0.06,2.92,0.33,2.2,75.0,Vegetables
"SPINACH,FRZ,CHOPD OR LEAF,CKD,BLD,DRND,W/SALT",34,4.01,0.87,0.036,4.8,0.51,3.7,322.0,Vegetables
"VEGETABLES,MXD,FRZ,CKD,BLD,DRND,W/SALT",60,2.86,0.15,0.031,13.09,3.12,4.4,271.0,Vegetables
"CARROTS,BABY,RAW",35,0.64,0.13,0.023,8.24,4.76,2.9,78.0,Vegetables
"BROCCOLI,CHINESE,COOKED",22,1.14,0.72,0.11,3.81,0.84,2.5,7.0,Vegetables
"MALABAR SPINACH,COOKED",23,2.98,0.78,,2.71,,2.1,55.0,Vegetables
"BROCCOLI,CHINESE,RAW",30,1.2,0.76,0.116,4.67,0.88,2.6,7.0,Vegetables
"CAKE,PUDDING-TYPE,CARROT,DRY MIX",415,5.1,9.8,1.472,79.2,,,567.0,Vegetables
"PASTA,FRESH-REFRIGERATED,SPINACH,AS PURCHASED",289,11.26,2.1,0.483,55.72,,,27.0,Vegetables
"PASTA,FRESH-REFRIGERATED,SPINACH,CKD",130,5.06,0.94,0.217,25.04,,,6.0,Vegetables
"NOODLES,EGG,SPINACH,ENR,DRY",382,14.61,4.55,1.047,70.32,,6.8,72.0,Vegetables
"NOODLES,EGG,SPINACH,ENR,CKD",132,5.04,1.57,0.361,24.25,0.71,2.3,12.0,Vegetables
"SPAGHETTI,SPINACH,DRY",372,13.35,1.57,0.226,74.81,2.72,10.6,36.0,Vegetables
"SPAGHETTI,SPINACH,COOKED",130,4.58,0.63,0.091,26.15,,,14.0,Vegetables
"FAST FOODS,TACO W/ BF,CHS & LETTUCE,HARD SHELL",226,8.86,12.7,4.384,19.85,0.9,3.9,397.0,Vegetables
"FAST FOODS,SUBMARINE SNDWCH,COLD CUT BRD W/ LETTUCE & TOMATO",213,10.52,10.04,3.554,20.43,3.18,1.2,575.0,Vegetables
"FAST FOODS,SUBMARINE SNDWCH,RST BF BREAD W/ LETTUCE & TOMATO",156,12.17,2.73,0.972,20.34,3.0,0.7,329.0,Vegetables
"FAST FOODS,SUBMARINE SNDWCH,TUNA BREAD W/ LETTUCE & TOMATO",218,12.33,12.04,2.059,15.95,1.93,0.7,329.0,Vegetables
"SUBWAY,SUBWAY CLUB SUB ON WHITE BREAD W/ LETTUCE & TOMATO",146,10.66,2.42,0.57,20.36,3.19,1.4,348.0,Vegetables
"SUBWAY,B.L.T. SUB ON WHITE BREAD W/ BACON,LETTUCE & TOMATO",205,10.06,6.41,1.917,26.66,3.61,1.6,354.0,Vegetables
"FAST FOODS,SUBMARINE SNDWCH,BACON,LETTUCE,& TOMATO WHT BRD",205,10.06,6.41,1.917,26.66,3.61,1.6,354.0,Vegetables
"SUBWAY,TURKEY BREAST SUB ON WHITE BREAD W/ LETTUCE & TOMATO",147,9.12,2.31,0.476,22.42,3.09,1.3,317.0,Vegetables
"SUBWAY,BLACK FOREST HAM SUB ON WHITE BRD W/ LETTUCE & TOMATO",151,9.12,2.53,0.626,22.91,3.54,1.3,396.0,Vegetables
"SUBWAY,RST BF SUB ON WHITE BREAD W/ LETTUCE & TOMATO",155,12.17,2.73,0.972,20.34,3.0,0.7,329.0,Vegetables
"SUBWAY,OVEN RSTD CHICK SUB ON WHITE BRD W/ LETTUCE & TOMATO",157,10.84,3.15,0.724,21.35,2.99,1.2,268.0,Vegetables
"SUBWAY,COLD CUT SUB ON WHITE BREAD W/ LETTUCE & TOMATO",214,10.52,10.04,3.554,20.43,3.18,1.2,575.0,Vegetables
